frame,parameter,value
0,$4000_duty,1
0,$4000_const,1
0,$4000_vol,0
0,$4004_duty,1
0,$4004_const,1
0,$4004_vol,0
0,$400C_const,1
0,$400C_vol,0
1,$4000_duty,1
1,$4000_const,1
1,$4000_vol,0
1,$4004_duty,1
1,$4004_const,1
1,$4004_vol,0
1,$400C_const,1
1,$400C_vol,0
2,$4000_duty,1
2,$4000_const,1
2,$4000_vol,0
2,$4004_duty,1
2,$4004_const,1
2,$4004_vol,0
2,$400C_const,1
2,$400C_vol,0
2,$4008_linear,0
2,$400A_period,1
2,$400B_length,0
2,$4008_linear,0
2,$400A_period,1
2,$400B_length,0
3,$4000_duty,1
3,$4000_const,1
3,$4000_vol,0
3,$4004_duty,1
3,$4004_const,1
3,$4004_vol,0
3,$400C_const,1
3,$400C_vol,0
4,$4000_duty,1
4,$4000_const,1
4,$4000_vol,0
4,$4004_duty,1
4,$4004_const,1
4,$4004_vol,0
4,$400C_const,1
4,$400C_vol,0
5,$4000_duty,1
5,$4000_const,1
5,$4000_vol,0
5,$4004_duty,1
5,$4004_const,1
5,$4004_vol,0
5,$400C_const,1
5,$400C_vol,0
6,$4000_duty,1
6,$4000_const,1
6,$4000_vol,0
6,$4004_duty,1
6,$4004_const,1
6,$4004_vol,0
6,$400C_const,1
6,$400C_vol,0
7,$4000_duty,1
7,$4000_const,1
7,$4000_vol,0
7,$4004_duty,1
7,$4004_const,1
7,$4004_vol,0
7,$400C_const,1
7,$400C_vol,0
8,$4000_duty,1
8,$4000_const,1
8,$4000_vol,0
8,$4004_duty,1
8,$4004_const,1
8,$4004_vol,0
8,$400C_const,1
8,$400C_vol,0
8,$4008_linear,127
8,$400A_period,509
8,$400B_length,248
9,$4000_duty,1
9,$4000_const,1
9,$4000_vol,0
9,$4004_duty,1
9,$4004_const,1
9,$4004_vol,0
9,$400C_const,1
9,$400C_vol,0
10,$4000_duty,1
10,$4000_const,1
10,$4000_vol,0
10,$4004_duty,1
10,$4004_const,1
10,$4004_vol,0
10,$400C_const,1
10,$400C_vol,0
11,$4000_duty,1
11,$4000_const,1
11,$4000_vol,0
11,$4004_duty,1
11,$4004_const,1
11,$4004_vol,0
11,$400C_const,1
11,$400C_vol,0
12,$4000_duty,1
12,$4000_const,1
12,$4000_vol,0
12,$4004_duty,1
12,$4004_const,1
12,$4004_vol,0
12,$400C_const,1
12,$400C_vol,0
13,$4000_duty,1
13,$4000_const,1
13,$4000_vol,0
13,$4004_duty,1
13,$4004_const,1
13,$4004_vol,0
13,$400C_const,1
13,$400C_vol,0
14,$4000_duty,1
14,$4000_const,1
14,$4000_vol,0
14,$4004_duty,1
14,$4004_const,1
14,$4004_vol,0
14,$400C_const,1
14,$400C_vol,0
14,$4008_linear,0
14,$400A_period,1
14,$400B_length,0
14,$4008_linear,0
14,$400A_period,1
14,$400B_length,0
15,$4000_duty,1
15,$4000_const,1
15,$4000_vol,0
15,$4004_duty,1
15,$4004_const,1
15,$4004_vol,0
15,$400C_const,1
15,$400C_vol,0
16,$4000_duty,1
16,$4000_const,1
16,$4000_vol,0
16,$4004_duty,1
16,$4004_const,1
16,$4004_vol,0
16,$400C_const,1
16,$400C_vol,0
17,$4000_duty,1
17,$4000_const,1
17,$4000_vol,0
17,$4004_duty,1
17,$4004_const,1
17,$4004_vol,0
17,$400C_const,1
17,$400C_vol,0
18,$4000_duty,1
18,$4000_const,1
18,$4000_vol,0
18,$4004_duty,1
18,$4004_const,1
18,$4004_vol,0
18,$400C_const,1
18,$400C_vol,0
19,$4000_duty,1
19,$4000_const,1
19,$4000_vol,0
19,$4004_duty,1
19,$4004_const,1
19,$4004_vol,0
19,$400C_const,1
19,$400C_vol,0
20,$4000_duty,1
20,$4000_const,1
20,$4000_vol,0
20,$4004_duty,1
20,$4004_const,1
20,$4004_vol,0
20,$400C_const,1
20,$400C_vol,0
20,$4008_linear,127
20,$400A_period,509
20,$400B_length,248
21,$4000_duty,1
21,$4000_const,1
21,$4000_vol,0
21,$4004_duty,1
21,$4004_const,1
21,$4004_vol,0
21,$400C_const,1
21,$400C_vol,0
22,$4000_duty,1
22,$4000_const,1
22,$4000_vol,0
22,$4004_duty,1
22,$4004_const,1
22,$4004_vol,0
22,$400C_const,1
22,$400C_vol,0
23,$4000_duty,1
23,$4000_const,1
23,$4000_vol,0
23,$4004_duty,1
23,$4004_const,1
23,$4004_vol,0
23,$400C_const,1
23,$400C_vol,0
24,$4000_duty,1
24,$4000_const,1
24,$4000_vol,0
24,$4004_duty,1
24,$4004_const,1
24,$4004_vol,0
24,$400C_const,1
24,$400C_vol,0
25,$4000_duty,1
25,$4000_const,1
25,$4000_vol,0
25,$4004_duty,1
25,$4004_const,1
25,$4004_vol,0
25,$400C_const,1
25,$400C_vol,0
26,$4000_duty,1
26,$4000_const,1
26,$4000_vol,0
26,$4004_duty,1
26,$4004_const,1
26,$4004_vol,0
26,$400C_const,1
26,$400C_vol,0
26,$4008_linear,0
26,$400A_period,1
26,$400B_length,0
26,$4008_linear,0
26,$400A_period,1
26,$400B_length,0
27,$4000_duty,1
27,$4000_const,1
27,$4000_vol,0
27,$4004_duty,1
27,$4004_const,1
27,$4004_vol,0
27,$400C_const,1
27,$400C_vol,0
28,$4000_duty,1
28,$4000_const,1
28,$4000_vol,0
28,$4004_duty,1
28,$4004_const,1
28,$4004_vol,0
28,$400C_const,1
28,$400C_vol,0
29,$4000_duty,1
29,$4000_const,1
29,$4000_vol,0
29,$4004_duty,1
29,$4004_const,1
29,$4004_vol,0
29,$400C_const,1
29,$400C_vol,0
30,$4000_duty,1
30,$4000_const,1
30,$4000_vol,0
30,$4004_duty,1
30,$4004_const,1
30,$4004_vol,0
30,$400C_const,1
30,$400C_vol,0
31,$4000_duty,1
31,$4000_const,1
31,$4000_vol,0
31,$4004_duty,1
31,$4004_const,1
31,$4004_vol,0
31,$400C_const,1
31,$400C_vol,0
32,$4000_duty,1
32,$4000_const,1
32,$4000_vol,0
32,$4004_duty,1
32,$4004_const,1
32,$4004_vol,0
32,$400C_const,1
32,$400C_vol,0
32,$4008_linear,127
32,$400A_period,509
32,$400B_length,248
33,$4000_duty,1
33,$4000_const,1
33,$4000_vol,0
33,$4004_duty,1
33,$4004_const,1
33,$4004_vol,0
33,$400C_const,1
33,$400C_vol,0
34,$4000_duty,1
34,$4000_const,1
34,$4000_vol,0
34,$4004_duty,1
34,$4004_const,1
34,$4004_vol,0
34,$400C_const,1
34,$400C_vol,0
35,$4000_duty,1
35,$4000_const,1
35,$4000_vol,0
35,$4004_duty,1
35,$4004_const,1
35,$4004_vol,0
35,$400C_const,1
35,$400C_vol,0
36,$4000_duty,1
36,$4000_const,1
36,$4000_vol,0
36,$4004_duty,1
36,$4004_const,1
36,$4004_vol,0
36,$400C_const,1
36,$400C_vol,0
37,$4000_duty,1
37,$4000_const,1
37,$4000_vol,0
37,$4004_duty,1
37,$4004_const,1
37,$4004_vol,0
37,$400C_const,1
37,$400C_vol,0
38,$4000_duty,1
38,$4000_const,1
38,$4000_vol,0
38,$4004_duty,1
38,$4004_const,1
38,$4004_vol,0
38,$400C_const,1
38,$400C_vol,0
38,$4008_linear,0
38,$400A_period,1
38,$400B_length,0
38,$4008_linear,0
38,$400A_period,1
38,$400B_length,0
39,$4000_duty,1
39,$4000_const,1
39,$4000_vol,0
39,$4004_duty,1
39,$4004_const,1
39,$4004_vol,0
39,$400C_const,1
39,$400C_vol,0
40,$4000_duty,1
40,$4000_const,1
40,$4000_vol,0
40,$4004_duty,1
40,$4004_const,1
40,$4004_vol,0
40,$400C_const,1
40,$400C_vol,0
41,$4000_duty,1
41,$4000_const,1
41,$4000_vol,0
41,$4004_duty,1
41,$4004_const,1
41,$4004_vol,0
41,$400C_const,1
41,$400C_vol,0
42,$4000_duty,1
42,$4000_const,1
42,$4000_vol,0
42,$4004_duty,1
42,$4004_const,1
42,$4004_vol,0
42,$400C_const,1
42,$400C_vol,0
43,$4000_duty,1
43,$4000_const,1
43,$4000_vol,0
43,$4004_duty,1
43,$4004_const,1
43,$4004_vol,0
43,$400C_const,1
43,$400C_vol,0
44,$4000_duty,1
44,$4000_const,1
44,$4000_vol,0
44,$4004_duty,1
44,$4004_const,1
44,$4004_vol,0
44,$400C_const,1
44,$400C_vol,0
44,$4008_linear,127
44,$400A_period,509
44,$400B_length,248
45,$4000_duty,1
45,$4000_const,1
45,$4000_vol,0
45,$4004_duty,1
45,$4004_const,1
45,$4004_vol,0
45,$400C_const,1
45,$400C_vol,0
46,$4000_duty,1
46,$4000_const,1
46,$4000_vol,0
46,$4004_duty,1
46,$4004_const,1
46,$4004_vol,0
46,$400C_const,1
46,$400C_vol,0
47,$4000_duty,1
47,$4000_const,1
47,$4000_vol,0
47,$4004_duty,1
47,$4004_const,1
47,$4004_vol,0
47,$400C_const,1
47,$400C_vol,0
48,$4000_duty,1
48,$4000_const,1
48,$4000_vol,0
48,$4004_duty,1
48,$4004_const,1
48,$4004_vol,0
48,$400C_const,1
48,$400C_vol,0
49,$4000_duty,1
49,$4000_const,1
49,$4000_vol,0
49,$4004_duty,1
49,$4004_const,1
49,$4004_vol,0
49,$400C_const,1
49,$400C_vol,0
50,$4000_duty,1
50,$4000_const,1
50,$4000_vol,0
50,$4004_duty,1
50,$4004_const,1
50,$4004_vol,0
50,$400C_const,1
50,$400C_vol,0
50,$4008_linear,0
50,$400A_period,1
50,$400B_length,0
50,$4008_linear,0
50,$400A_period,1
50,$400B_length,0
51,$4000_duty,1
51,$4000_const,1
51,$4000_vol,0
51,$4004_duty,1
51,$4004_const,1
51,$4004_vol,0
51,$400C_const,1
51,$400C_vol,0
52,$4000_duty,1
52,$4000_const,1
52,$4000_vol,0
52,$4004_duty,1
52,$4004_const,1
52,$4004_vol,0
52,$400C_const,1
52,$400C_vol,0
53,$4000_duty,1
53,$4000_const,1
53,$4000_vol,0
53,$4004_duty,1
53,$4004_const,1
53,$4004_vol,0
53,$400C_const,1
53,$400C_vol,0
54,$4000_duty,1
54,$4000_const,1
54,$4000_vol,0
54,$4004_duty,1
54,$4004_const,1
54,$4004_vol,0
54,$400C_const,1
54,$400C_vol,0
55,$4000_duty,1
55,$4000_const,1
55,$4000_vol,0
55,$4004_duty,1
55,$4004_const,1
55,$4004_vol,0
55,$400C_const,1
55,$400C_vol,0
56,$4001_sweep,8
56,$4002_period,509
56,$400B_length,0
56,$4000_duty,1
56,$4000_const,1
56,$4000_vol,13
56,$4005_sweep,8
56,$4006_period,509
56,$4004_duty,1
56,$4004_const,1
56,$4004_vol,13
56,$400C_const,1
56,$400C_vol,0
56,$4008_linear,127
56,$400A_period,509
56,$400B_length,248
57,$4000_duty,1
57,$4000_const,1
57,$4000_vol,13
57,$4004_duty,1
57,$4004_const,1
57,$4004_vol,13
57,$400C_const,1
57,$400C_vol,0
58,$4000_duty,1
58,$4000_const,1
58,$4000_vol,12
58,$4004_duty,1
58,$4004_const,1
58,$4004_vol,12
58,$400C_const,1
58,$400C_vol,0
59,$4000_duty,1
59,$4000_const,1
59,$4000_vol,12
59,$4004_duty,1
59,$4004_const,1
59,$4004_vol,12
59,$400C_const,1
59,$400C_vol,0
60,$4000_duty,1
60,$4000_const,1
60,$4000_vol,13
60,$4004_duty,1
60,$4004_const,1
60,$4004_vol,13
60,$400C_const,1
60,$400C_vol,0
61,$4000_duty,1
61,$4000_const,1
61,$4000_vol,13
61,$4004_duty,1
61,$4004_const,1
61,$4004_vol,13
61,$400C_const,1
61,$400C_vol,0
62,$4000_duty,1
62,$4000_const,1
62,$4000_vol,12
62,$4004_duty,1
62,$4004_const,1
62,$4004_vol,12
62,$400C_const,1
62,$400C_vol,0
62,$4008_linear,0
62,$400A_period,1
62,$400B_length,0
62,$4008_linear,0
62,$400A_period,1
62,$400B_length,0
63,$4000_duty,1
63,$4000_const,1
63,$4000_vol,12
63,$4004_duty,1
63,$4004_const,1
63,$4004_vol,12
63,$400C_const,1
63,$400C_vol,0
64,$4000_duty,1
64,$4000_const,1
64,$4000_vol,11
64,$4004_duty,1
64,$4004_const,1
64,$4004_vol,11
64,$400C_const,1
64,$400C_vol,0
65,$4000_duty,1
65,$4000_const,1
65,$4000_vol,11
65,$4004_duty,1
65,$4004_const,1
65,$4004_vol,11
65,$400C_const,1
65,$400C_vol,0
66,$4000_duty,1
66,$4000_const,1
66,$4000_vol,12
66,$4004_duty,1
66,$4004_const,1
66,$4004_vol,12
66,$400C_const,1
66,$400C_vol,0
67,$4000_duty,1
67,$4000_const,1
67,$4000_vol,11
67,$4004_duty,1
67,$4004_const,1
67,$4004_vol,11
67,$400C_const,1
67,$400C_vol,0
68,$4000_duty,1
68,$4000_const,1
68,$4000_vol,4
68,$4004_duty,1
68,$4004_const,1
68,$4004_vol,4
68,$400C_const,1
68,$400C_vol,0
68,$4008_linear,127
68,$400A_period,509
68,$400B_length,248
69,$4000_duty,1
69,$4000_const,1
69,$4000_vol,0
69,$4004_duty,1
69,$4004_const,1
69,$4004_vol,0
69,$400C_const,1
69,$400C_vol,0
70,$4000_duty,1
70,$4000_const,1
70,$4000_vol,0
70,$4004_duty,1
70,$4004_const,1
70,$4004_vol,0
70,$400C_const,1
70,$400C_vol,0
71,$4000_duty,1
71,$4000_const,1
71,$4000_vol,0
71,$4004_duty,1
71,$4004_const,1
71,$4004_vol,0
71,$400C_const,1
71,$400C_vol,0
72,$4000_duty,1
72,$4000_const,1
72,$4000_vol,0
72,$4004_duty,1
72,$4004_const,1
72,$4004_vol,0
72,$400C_const,1
72,$400C_vol,0
73,$4000_duty,1
73,$4000_const,1
73,$4000_vol,0
73,$4004_duty,1
73,$4004_const,1
73,$4004_vol,0
73,$400C_const,1
73,$400C_vol,0
74,$4000_duty,1
74,$4000_const,1
74,$4000_vol,0
74,$4004_duty,1
74,$4004_const,1
74,$4004_vol,0
74,$400C_const,1
74,$400C_vol,0
74,$4008_linear,0
74,$400A_period,1
74,$400B_length,0
74,$4008_linear,0
74,$400A_period,1
74,$400B_length,0
75,$4000_duty,1
75,$4000_const,1
75,$4000_vol,0
75,$4004_duty,1
75,$4004_const,1
75,$4004_vol,0
75,$400C_const,1
75,$400C_vol,0
76,$4000_duty,1
76,$4000_const,1
76,$4000_vol,0
76,$4004_duty,1
76,$4004_const,1
76,$4004_vol,0
76,$400C_const,1
76,$400C_vol,0
77,$4000_duty,1
77,$4000_const,1
77,$4000_vol,0
77,$4004_duty,1
77,$4004_const,1
77,$4004_vol,0
77,$400C_const,1
77,$400C_vol,0
78,$4000_duty,1
78,$4000_const,1
78,$4000_vol,0
78,$4004_duty,1
78,$4004_const,1
78,$4004_vol,0
78,$400C_const,1
78,$400C_vol,0
79,$4000_duty,1
79,$4000_const,1
79,$4000_vol,0
79,$4004_duty,1
79,$4004_const,1
79,$4004_vol,0
79,$400C_const,1
79,$400C_vol,0
79,$4008_linear,127
79,$400A_period,509
79,$400B_length,248
80,$4000_duty,1
80,$4000_const,1
80,$4000_vol,0
80,$4004_duty,1
80,$4004_const,1
80,$4004_vol,0
80,$400C_const,1
80,$400C_vol,0
81,$4000_duty,1
81,$4000_const,1
81,$4000_vol,0
81,$4004_duty,1
81,$4004_const,1
81,$4004_vol,0
81,$400C_const,1
81,$400C_vol,0
82,$4000_duty,1
82,$4000_const,1
82,$4000_vol,0
82,$4004_duty,1
82,$4004_const,1
82,$4004_vol,0
82,$400C_const,1
82,$400C_vol,0
83,$4000_duty,1
83,$4000_const,1
83,$4000_vol,0
83,$4004_duty,1
83,$4004_const,1
83,$4004_vol,0
83,$400C_const,1
83,$400C_vol,0
84,$4000_duty,1
84,$4000_const,1
84,$4000_vol,0
84,$4004_duty,1
84,$4004_const,1
84,$4004_vol,0
84,$400C_const,1
84,$400C_vol,0
85,$4000_duty,1
85,$4000_const,1
85,$4000_vol,0
85,$4004_duty,1
85,$4004_const,1
85,$4004_vol,0
85,$400C_const,1
85,$400C_vol,0
85,$4008_linear,0
85,$400A_period,1
85,$400B_length,0
85,$4008_linear,0
85,$400A_period,1
85,$400B_length,0
86,$4000_duty,1
86,$4000_const,1
86,$4000_vol,0
86,$4004_duty,1
86,$4004_const,1
86,$4004_vol,0
86,$400C_const,1
86,$400C_vol,0
87,$4000_duty,1
87,$4000_const,1
87,$4000_vol,0
87,$4004_duty,1
87,$4004_const,1
87,$4004_vol,0
87,$400C_const,1
87,$400C_vol,0
88,$4000_duty,1
88,$4000_const,1
88,$4000_vol,0
88,$4004_duty,1
88,$4004_const,1
88,$4004_vol,0
88,$400C_const,1
88,$400C_vol,0
89,$4000_duty,1
89,$4000_const,1
89,$4000_vol,0
89,$4004_duty,1
89,$4004_const,1
89,$4004_vol,0
89,$400C_const,1
89,$400C_vol,0
90,$4000_duty,1
90,$4000_const,1
90,$4000_vol,0
90,$4004_duty,1
90,$4004_const,1
90,$4004_vol,0
90,$400C_const,1
90,$400C_vol,0
91,$4000_duty,1
91,$4000_const,1
91,$4000_vol,0
91,$4004_duty,1
91,$4004_const,1
91,$4004_vol,0
91,$400C_const,1
91,$400C_vol,0
91,$4008_linear,127
91,$400A_period,509
91,$400B_length,248
92,$4000_duty,1
92,$4000_const,1
92,$4000_vol,0
92,$4004_duty,1
92,$4004_const,1
92,$4004_vol,0
92,$400C_const,1
92,$400C_vol,0
93,$4000_duty,1
93,$4000_const,1
93,$4000_vol,0
93,$4004_duty,1
93,$4004_const,1
93,$4004_vol,0
93,$400C_const,1
93,$400C_vol,0
94,$4000_duty,1
94,$4000_const,1
94,$4000_vol,0
94,$4004_duty,1
94,$4004_const,1
94,$4004_vol,0
94,$400C_const,1
94,$400C_vol,0
95,$4000_duty,1
95,$4000_const,1
95,$4000_vol,0
95,$4004_duty,1
95,$4004_const,1
95,$4004_vol,0
95,$400C_const,1
95,$400C_vol,0
96,$4000_duty,1
96,$4000_const,1
96,$4000_vol,0
96,$4004_duty,1
96,$4004_const,1
96,$4004_vol,0
96,$400C_const,1
96,$400C_vol,0
97,$4000_duty,1
97,$4000_const,1
97,$4000_vol,0
97,$4004_duty,1
97,$4004_const,1
97,$4004_vol,0
97,$400C_const,1
97,$400C_vol,0
97,$4008_linear,0
97,$400A_period,1
97,$400B_length,0
97,$4008_linear,0
97,$400A_period,1
97,$400B_length,0
98,$4000_duty,1
98,$4000_const,1
98,$4000_vol,0
98,$4004_duty,1
98,$4004_const,1
98,$4004_vol,0
98,$400C_const,1
98,$400C_vol,0
99,$4000_duty,1
99,$4000_const,1
99,$4000_vol,0
99,$4004_duty,1
99,$4004_const,1
99,$4004_vol,0
99,$400C_const,1
99,$400C_vol,0
100,$4000_duty,1
100,$4000_const,1
100,$4000_vol,0
100,$4004_duty,1
100,$4004_const,1
100,$4004_vol,0
100,$400C_const,1
100,$400C_vol,0
101,$4000_duty,1
101,$4000_const,1
101,$4000_vol,0
101,$4004_duty,1
101,$4004_const,1
101,$4004_vol,0
101,$400C_const,1
101,$400C_vol,0
102,$4000_duty,1
102,$4000_const,1
102,$4000_vol,0
102,$4004_duty,1
102,$4004_const,1
102,$4004_vol,0
102,$400C_const,1
102,$400C_vol,0
103,$4000_duty,1
103,$4000_const,1
103,$4000_vol,0
103,$4004_duty,1
103,$4004_const,1
103,$4004_vol,0
103,$400C_const,1
103,$400C_vol,0
103,$4008_linear,127
103,$400A_period,509
103,$400B_length,248
104,$4000_duty,1
104,$4000_const,1
104,$4000_vol,0
104,$4004_duty,1
104,$4004_const,1
104,$4004_vol,0
104,$400C_const,1
104,$400C_vol,0
105,$4000_duty,1
105,$4000_const,1
105,$4000_vol,0
105,$4004_duty,1
105,$4004_const,1
105,$4004_vol,0
105,$400C_const,1
105,$400C_vol,0
106,$4000_duty,1
106,$4000_const,1
106,$4000_vol,0
106,$4004_duty,1
106,$4004_const,1
106,$4004_vol,0
106,$400C_const,1
106,$400C_vol,0
107,$4000_duty,1
107,$4000_const,1
107,$4000_vol,0
107,$4004_duty,1
107,$4004_const,1
107,$4004_vol,0
107,$400C_const,1
107,$400C_vol,0
108,$4000_duty,1
108,$4000_const,1
108,$4000_vol,0
108,$4004_duty,1
108,$4004_const,1
108,$4004_vol,0
108,$400C_const,1
108,$400C_vol,0
109,$4000_duty,1
109,$4000_const,1
109,$4000_vol,0
109,$4004_duty,1
109,$4004_const,1
109,$4004_vol,0
109,$400C_const,1
109,$400C_vol,0
109,$4008_linear,0
109,$400A_period,1
109,$400B_length,0
109,$4008_linear,0
109,$400A_period,1
109,$400B_length,0
110,$4000_duty,1
110,$4000_const,1
110,$4000_vol,0
110,$4004_duty,1
110,$4004_const,1
110,$4004_vol,0
110,$400C_const,1
110,$400C_vol,0
111,$4000_duty,1
111,$4000_const,1
111,$4000_vol,0
111,$4004_duty,1
111,$4004_const,1
111,$4004_vol,0
111,$400C_const,1
111,$400C_vol,0
112,$4000_duty,1
112,$4000_const,1
112,$4000_vol,0
112,$4004_duty,1
112,$4004_const,1
112,$4004_vol,0
112,$400C_const,1
112,$400C_vol,0
113,$4000_duty,1
113,$4000_const,1
113,$4000_vol,0
113,$4004_duty,1
113,$4004_const,1
113,$4004_vol,0
113,$400C_const,1
113,$400C_vol,0
114,$4000_duty,1
114,$4000_const,1
114,$4000_vol,0
114,$4004_duty,1
114,$4004_const,1
114,$4004_vol,0
114,$400C_const,1
114,$400C_vol,0
115,$4000_duty,1
115,$4000_const,1
115,$4000_vol,0
115,$4004_duty,1
115,$4004_const,1
115,$4004_vol,0
115,$400C_const,1
115,$400C_vol,0
115,$4008_linear,127
115,$400A_period,509
115,$400B_length,248
116,$4000_duty,1
116,$4000_const,1
116,$4000_vol,0
116,$4004_duty,1
116,$4004_const,1
116,$4004_vol,0
116,$400C_const,1
116,$400C_vol,0
117,$4000_duty,1
117,$4000_const,1
117,$4000_vol,0
117,$4004_duty,1
117,$4004_const,1
117,$4004_vol,0
117,$400C_const,1
117,$400C_vol,0
118,$4000_duty,1
118,$4000_const,1
118,$4000_vol,0
118,$4004_duty,1
118,$4004_const,1
118,$4004_vol,0
118,$400C_const,1
118,$400C_vol,0
119,$4000_duty,1
119,$4000_const,1
119,$4000_vol,0
119,$4004_duty,1
119,$4004_const,1
119,$4004_vol,0
119,$400C_const,1
119,$400C_vol,0
120,$4000_duty,1
120,$4000_const,1
120,$4000_vol,0
120,$4004_duty,1
120,$4004_const,1
120,$4004_vol,0
120,$400C_const,1
120,$400C_vol,0
121,$4000_duty,1
121,$4000_const,1
121,$4000_vol,0
121,$4004_duty,1
121,$4004_const,1
121,$4004_vol,0
121,$400C_const,1
121,$400C_vol,0
121,$4008_linear,0
121,$400A_period,1
121,$400B_length,0
121,$4008_linear,0
121,$400A_period,1
121,$400B_length,0
122,$4000_duty,1
122,$4000_const,1
122,$4000_vol,0
122,$4004_duty,1
122,$4004_const,1
122,$4004_vol,0
122,$400C_const,1
122,$400C_vol,0
123,$4000_duty,1
123,$4000_const,1
123,$4000_vol,0
123,$4004_duty,1
123,$4004_const,1
123,$4004_vol,0
123,$400C_const,1
123,$400C_vol,0
124,$4000_duty,1
124,$4000_const,1
124,$4000_vol,0
124,$4004_duty,1
124,$4004_const,1
124,$4004_vol,0
124,$400C_const,1
124,$400C_vol,0
125,$4000_duty,1
125,$4000_const,1
125,$4000_vol,0
125,$4004_duty,1
125,$4004_const,1
125,$4004_vol,0
125,$400C_const,1
125,$400C_vol,0
126,$4000_duty,1
126,$4000_const,1
126,$4000_vol,0
126,$4004_duty,1
126,$4004_const,1
126,$4004_vol,0
126,$400C_const,1
126,$400C_vol,0
127,$4000_duty,1
127,$4000_const,1
127,$4000_vol,0
127,$4004_duty,1
127,$4004_const,1
127,$4004_vol,0
127,$400C_const,1
127,$400C_vol,0
127,$4008_linear,127
127,$400A_period,509
127,$400B_length,248
128,$4000_duty,1
128,$4000_const,1
128,$4000_vol,0
128,$4004_duty,1
128,$4004_const,1
128,$4004_vol,0
128,$400C_const,1
128,$400C_vol,0
129,$4000_duty,1
129,$4000_const,1
129,$4000_vol,0
129,$4004_duty,1
129,$4004_const,1
129,$4004_vol,0
129,$400C_const,1
129,$400C_vol,0
130,$4000_duty,1
130,$4000_const,1
130,$4000_vol,0
130,$4004_duty,1
130,$4004_const,1
130,$4004_vol,0
130,$400C_const,1
130,$400C_vol,0
131,$4000_duty,1
131,$4000_const,1
131,$4000_vol,0
131,$4004_duty,1
131,$4004_const,1
131,$4004_vol,0
131,$400C_const,1
131,$400C_vol,0
132,$4000_duty,1
132,$4000_const,1
132,$4000_vol,0
132,$4004_duty,1
132,$4004_const,1
132,$4004_vol,0
132,$400C_const,1
132,$400C_vol,0
133,$4000_duty,1
133,$4000_const,1
133,$4000_vol,0
133,$4004_duty,1
133,$4004_const,1
133,$4004_vol,0
133,$400C_const,1
133,$400C_vol,0
133,$4008_linear,0
133,$400A_period,1
133,$400B_length,0
133,$4008_linear,0
133,$400A_period,1
133,$400B_length,0
134,$4000_duty,1
134,$4000_const,1
134,$4000_vol,0
134,$4004_duty,1
134,$4004_const,1
134,$4004_vol,0
134,$400C_const,1
134,$400C_vol,0
135,$4000_duty,1
135,$4000_const,1
135,$4000_vol,0
135,$4004_duty,1
135,$4004_const,1
135,$4004_vol,0
135,$400C_const,1
135,$400C_vol,0
136,$4000_duty,1
136,$4000_const,1
136,$4000_vol,0
136,$4004_duty,1
136,$4004_const,1
136,$4004_vol,0
136,$400C_const,1
136,$400C_vol,0
137,$4000_duty,1
137,$4000_const,1
137,$4000_vol,0
137,$4004_duty,1
137,$4004_const,1
137,$4004_vol,0
137,$400C_const,1
137,$400C_vol,0
138,$4000_duty,1
138,$4000_const,1
138,$4000_vol,0
138,$4004_duty,1
138,$4004_const,1
138,$4004_vol,0
138,$400C_const,1
138,$400C_vol,0
139,$4000_duty,1
139,$4000_const,1
139,$4000_vol,0
139,$4004_duty,1
139,$4004_const,1
139,$4004_vol,0
139,$400C_const,1
139,$400C_vol,0
139,$4008_linear,127
139,$400A_period,509
139,$400B_length,248
140,$4000_duty,1
140,$4000_const,1
140,$4000_vol,0
140,$4004_duty,1
140,$4004_const,1
140,$4004_vol,0
140,$400C_const,1
140,$400C_vol,0
141,$4000_duty,1
141,$4000_const,1
141,$4000_vol,0
141,$4004_duty,1
141,$4004_const,1
141,$4004_vol,0
141,$400C_const,1
141,$400C_vol,0
142,$4000_duty,1
142,$4000_const,1
142,$4000_vol,0
142,$4004_duty,1
142,$4004_const,1
142,$4004_vol,0
142,$400C_const,1
142,$400C_vol,0
143,$4000_duty,1
143,$4000_const,1
143,$4000_vol,0
143,$4004_duty,1
143,$4004_const,1
143,$4004_vol,0
143,$400C_const,1
143,$400C_vol,0
144,$4000_duty,1
144,$4000_const,1
144,$4000_vol,0
144,$4004_duty,1
144,$4004_const,1
144,$4004_vol,0
144,$400C_const,1
144,$400C_vol,0
145,$4000_duty,1
145,$4000_const,1
145,$4000_vol,0
145,$4004_duty,1
145,$4004_const,1
145,$4004_vol,0
145,$400C_const,1
145,$400C_vol,0
145,$4008_linear,0
145,$400A_period,1
145,$400B_length,0
145,$4008_linear,0
145,$400A_period,1
145,$400B_length,0
146,$4000_duty,1
146,$4000_const,1
146,$4000_vol,0
146,$4004_duty,1
146,$4004_const,1
146,$4004_vol,0
146,$400C_const,1
146,$400C_vol,0
147,$4000_duty,1
147,$4000_const,1
147,$4000_vol,0
147,$4004_duty,1
147,$4004_const,1
147,$4004_vol,0
147,$400C_const,1
147,$400C_vol,0
148,$4000_duty,1
148,$4000_const,1
148,$4000_vol,0
148,$4004_duty,1
148,$4004_const,1
148,$4004_vol,0
148,$400C_const,1
148,$400C_vol,0
149,$4000_duty,1
149,$4000_const,1
149,$4000_vol,0
149,$4004_duty,1
149,$4004_const,1
149,$4004_vol,0
149,$400C_const,1
149,$400C_vol,0
150,$4000_duty,1
150,$4000_const,1
150,$4000_vol,0
150,$4004_duty,1
150,$4004_const,1
150,$4004_vol,0
150,$400C_const,1
150,$400C_vol,0
151,$4001_sweep,8
151,$4002_period,429
151,$400B_length,0
151,$4000_duty,1
151,$4000_const,1
151,$4000_vol,13
151,$4005_sweep,8
151,$4006_period,429
151,$4004_duty,1
151,$4004_const,1
151,$4004_vol,13
151,$400C_const,1
151,$400C_vol,0
151,$4008_linear,127
151,$400A_period,509
151,$400B_length,248
152,$4000_duty,1
152,$4000_const,1
152,$4000_vol,13
152,$4004_duty,1
152,$4004_const,1
152,$4004_vol,13
152,$400C_const,1
152,$400C_vol,0
153,$4000_duty,1
153,$4000_const,1
153,$4000_vol,12
153,$4004_duty,1
153,$4004_const,1
153,$4004_vol,12
153,$400C_const,1
153,$400C_vol,0
154,$4000_duty,1
154,$4000_const,1
154,$4000_vol,12
154,$4004_duty,1
154,$4004_const,1
154,$4004_vol,12
154,$400C_const,1
154,$400C_vol,0
155,$4000_duty,1
155,$4000_const,1
155,$4000_vol,13
155,$4004_duty,1
155,$4004_const,1
155,$4004_vol,13
155,$400C_const,1
155,$400C_vol,0
156,$4000_duty,1
156,$4000_const,1
156,$4000_vol,13
156,$4004_duty,1
156,$4004_const,1
156,$4004_vol,13
156,$400C_const,1
156,$400C_vol,0
157,$4000_duty,1
157,$4000_const,1
157,$4000_vol,12
157,$4004_duty,1
157,$4004_const,1
157,$4004_vol,12
157,$400C_const,1
157,$400C_vol,0
157,$4008_linear,0
157,$400A_period,1
157,$400B_length,0
157,$4008_linear,0
157,$400A_period,1
157,$400B_length,0
158,$4000_duty,1
158,$4000_const,1
158,$4000_vol,12
158,$4004_duty,1
158,$4004_const,1
158,$4004_vol,12
158,$400C_const,1
158,$400C_vol,0
159,$4000_duty,1
159,$4000_const,1
159,$4000_vol,11
159,$4004_duty,1
159,$4004_const,1
159,$4004_vol,11
159,$400C_const,1
159,$400C_vol,0
160,$4000_duty,1
160,$4000_const,1
160,$4000_vol,11
160,$4004_duty,1
160,$4004_const,1
160,$4004_vol,11
160,$400C_const,1
160,$400C_vol,0
161,$4000_duty,1
161,$4000_const,1
161,$4000_vol,12
161,$4004_duty,1
161,$4004_const,1
161,$4004_vol,12
161,$400C_const,1
161,$400C_vol,0
162,$4000_duty,1
162,$4000_const,1
162,$4000_vol,11
162,$4004_duty,1
162,$4004_const,1
162,$4004_vol,11
162,$400C_const,1
162,$400C_vol,0
163,$4000_duty,1
163,$4000_const,1
163,$4000_vol,4
163,$4004_duty,1
163,$4004_const,1
163,$4004_vol,4
163,$400C_const,1
163,$400C_vol,0
163,$4008_linear,127
163,$400A_period,509
163,$400B_length,248
164,$4000_duty,1
164,$4000_const,1
164,$4000_vol,0
164,$4004_duty,1
164,$4004_const,1
164,$4004_vol,0
164,$400C_const,1
164,$400C_vol,0
165,$4000_duty,1
165,$4000_const,1
165,$4000_vol,0
165,$4004_duty,1
165,$4004_const,1
165,$4004_vol,0
165,$400C_const,1
165,$400C_vol,0
166,$4000_duty,1
166,$4000_const,1
166,$4000_vol,0
166,$4004_duty,1
166,$4004_const,1
166,$4004_vol,0
166,$400C_const,1
166,$400C_vol,0
167,$4000_duty,1
167,$4000_const,1
167,$4000_vol,0
167,$4004_duty,1
167,$4004_const,1
167,$4004_vol,0
167,$400C_const,1
167,$400C_vol,0
168,$4000_duty,1
168,$4000_const,1
168,$4000_vol,0
168,$4004_duty,1
168,$4004_const,1
168,$4004_vol,0
168,$400C_const,1
168,$400C_vol,0
169,$4000_duty,1
169,$4000_const,1
169,$4000_vol,0
169,$4004_duty,1
169,$4004_const,1
169,$4004_vol,0
169,$400C_const,1
169,$400C_vol,0
169,$4008_linear,0
169,$400A_period,1
169,$400B_length,0
169,$4008_linear,0
169,$400A_period,1
169,$400B_length,0
170,$4000_duty,1
170,$4000_const,1
170,$4000_vol,0
170,$4004_duty,1
170,$4004_const,1
170,$4004_vol,0
170,$400C_const,1
170,$400C_vol,0
171,$4000_duty,1
171,$4000_const,1
171,$4000_vol,0
171,$4004_duty,1
171,$4004_const,1
171,$4004_vol,0
171,$400C_const,1
171,$400C_vol,0
172,$4000_duty,1
172,$4000_const,1
172,$4000_vol,0
172,$4004_duty,1
172,$4004_const,1
172,$4004_vol,0
172,$400C_const,1
172,$400C_vol,0
173,$4000_duty,1
173,$4000_const,1
173,$4000_vol,0
173,$4004_duty,1
173,$4004_const,1
173,$4004_vol,0
173,$400C_const,1
173,$400C_vol,0
174,$4000_duty,1
174,$4000_const,1
174,$4000_vol,0
174,$4004_duty,1
174,$4004_const,1
174,$4004_vol,0
174,$400C_const,1
174,$400C_vol,0
175,$4000_duty,1
175,$4000_const,1
175,$4000_vol,0
175,$4004_duty,1
175,$4004_const,1
175,$4004_vol,0
175,$400C_const,1
175,$400C_vol,0
175,$4008_linear,127
175,$400A_period,509
175,$400B_length,248
176,$4000_duty,1
176,$4000_const,1
176,$4000_vol,0
176,$4004_duty,1
176,$4004_const,1
176,$4004_vol,0
176,$400C_const,1
176,$400C_vol,0
177,$4000_duty,1
177,$4000_const,1
177,$4000_vol,0
177,$4004_duty,1
177,$4004_const,1
177,$4004_vol,0
177,$400C_const,1
177,$400C_vol,0
178,$4000_duty,1
178,$4000_const,1
178,$4000_vol,0
178,$4004_duty,1
178,$4004_const,1
178,$4004_vol,0
178,$400C_const,1
178,$400C_vol,0
179,$4000_duty,1
179,$4000_const,1
179,$4000_vol,0
179,$4004_duty,1
179,$4004_const,1
179,$4004_vol,0
179,$400C_const,1
179,$400C_vol,0
180,$4000_duty,1
180,$4000_const,1
180,$4000_vol,0
180,$4004_duty,1
180,$4004_const,1
180,$4004_vol,0
180,$400C_const,1
180,$400C_vol,0
181,$4000_duty,1
181,$4000_const,1
181,$4000_vol,0
181,$4004_duty,1
181,$4004_const,1
181,$4004_vol,0
181,$400C_const,1
181,$400C_vol,0
181,$4008_linear,0
181,$400A_period,1
181,$400B_length,0
181,$4008_linear,0
181,$400A_period,1
181,$400B_length,0
182,$4000_duty,1
182,$4000_const,1
182,$4000_vol,0
182,$4004_duty,1
182,$4004_const,1
182,$4004_vol,0
182,$400C_const,1
182,$400C_vol,0
183,$4000_duty,1
183,$4000_const,1
183,$4000_vol,0
183,$4004_duty,1
183,$4004_const,1
183,$4004_vol,0
183,$400C_const,1
183,$400C_vol,0
184,$4000_duty,1
184,$4000_const,1
184,$4000_vol,0
184,$4004_duty,1
184,$4004_const,1
184,$4004_vol,0
184,$400C_const,1
184,$400C_vol,0
185,$4000_duty,1
185,$4000_const,1
185,$4000_vol,0
185,$4004_duty,1
185,$4004_const,1
185,$4004_vol,0
185,$400C_const,1
185,$400C_vol,0
186,$4000_duty,1
186,$4000_const,1
186,$4000_vol,0
186,$4004_duty,1
186,$4004_const,1
186,$4004_vol,0
186,$400C_const,1
186,$400C_vol,0
187,$4000_duty,1
187,$4000_const,1
187,$4000_vol,0
187,$4004_duty,1
187,$4004_const,1
187,$4004_vol,0
187,$400C_const,1
187,$400C_vol,0
187,$4008_linear,127
187,$400A_period,509
187,$400B_length,248
188,$4000_duty,1
188,$4000_const,1
188,$4000_vol,0
188,$4004_duty,1
188,$4004_const,1
188,$4004_vol,0
188,$400C_const,1
188,$400C_vol,0
189,$4000_duty,1
189,$4000_const,1
189,$4000_vol,0
189,$4004_duty,1
189,$4004_const,1
189,$4004_vol,0
189,$400C_const,1
189,$400C_vol,0
190,$4000_duty,1
190,$4000_const,1
190,$4000_vol,0
190,$4004_duty,1
190,$4004_const,1
190,$4004_vol,0
190,$400C_const,1
190,$400C_vol,0
191,$4000_duty,1
191,$4000_const,1
191,$4000_vol,0
191,$4004_duty,1
191,$4004_const,1
191,$4004_vol,0
191,$400C_const,1
191,$400C_vol,0
192,$4000_duty,1
192,$4000_const,1
192,$4000_vol,0
192,$4004_duty,1
192,$4004_const,1
192,$4004_vol,0
192,$400C_const,1
192,$400C_vol,0
193,$4000_duty,1
193,$4000_const,1
193,$4000_vol,0
193,$4004_duty,1
193,$4004_const,1
193,$4004_vol,0
193,$400C_const,1
193,$400C_vol,0
193,$4008_linear,0
193,$400A_period,1
193,$400B_length,0
193,$4008_linear,0
193,$400A_period,1
193,$400B_length,0
194,$4000_duty,1
194,$4000_const,1
194,$4000_vol,0
194,$4004_duty,1
194,$4004_const,1
194,$4004_vol,0
194,$400C_const,1
194,$400C_vol,0
195,$4000_duty,1
195,$4000_const,1
195,$4000_vol,0
195,$4004_duty,1
195,$4004_const,1
195,$4004_vol,0
195,$400C_const,1
195,$400C_vol,0
196,$4000_duty,1
196,$4000_const,1
196,$4000_vol,0
196,$4004_duty,1
196,$4004_const,1
196,$4004_vol,0
196,$400C_const,1
196,$400C_vol,0
197,$4000_duty,1
197,$4000_const,1
197,$4000_vol,0
197,$4004_duty,1
197,$4004_const,1
197,$4004_vol,0
197,$400C_const,1
197,$400C_vol,0
198,$4000_duty,1
198,$4000_const,1
198,$4000_vol,0
198,$4004_duty,1
198,$4004_const,1
198,$4004_vol,0
198,$400C_const,1
198,$400C_vol,0
199,$4000_duty,1
199,$4000_const,1
199,$4000_vol,0
199,$4004_duty,1
199,$4004_const,1
199,$4004_vol,0
199,$400C_const,1
199,$400C_vol,0
199,$4008_linear,127
199,$400A_period,509
199,$400B_length,248
200,$4000_duty,1
200,$4000_const,1
200,$4000_vol,0
200,$4004_duty,1
200,$4004_const,1
200,$4004_vol,0
200,$400C_const,1
200,$400C_vol,0
201,$4000_duty,1
201,$4000_const,1
201,$4000_vol,0
201,$4004_duty,1
201,$4004_const,1
201,$4004_vol,0
201,$400C_const,1
201,$400C_vol,0
202,$4000_duty,1
202,$4000_const,1
202,$4000_vol,0
202,$4004_duty,1
202,$4004_const,1
202,$4004_vol,0
202,$400C_const,1
202,$400C_vol,0
203,$4000_duty,1
203,$4000_const,1
203,$4000_vol,0
203,$4004_duty,1
203,$4004_const,1
203,$4004_vol,0
203,$400C_const,1
203,$400C_vol,0
204,$4000_duty,1
204,$4000_const,1
204,$4000_vol,0
204,$4004_duty,1
204,$4004_const,1
204,$4004_vol,0
204,$400C_const,1
204,$400C_vol,0
204,$4008_linear,0
204,$400A_period,1
204,$400B_length,0
204,$4008_linear,0
204,$400A_period,1
204,$400B_length,0
205,$4000_duty,1
205,$4000_const,1
205,$4000_vol,0
205,$4004_duty,1
205,$4004_const,1
205,$4004_vol,0
205,$400C_const,1
205,$400C_vol,0
206,$4000_duty,1
206,$4000_const,1
206,$4000_vol,0
206,$4004_duty,1
206,$4004_const,1
206,$4004_vol,0
206,$400C_const,1
206,$400C_vol,0
207,$4000_duty,1
207,$4000_const,1
207,$4000_vol,0
207,$4004_duty,1
207,$4004_const,1
207,$4004_vol,0
207,$400C_const,1
207,$400C_vol,0
208,$4000_duty,1
208,$4000_const,1
208,$4000_vol,0
208,$4004_duty,1
208,$4004_const,1
208,$4004_vol,0
208,$400C_const,1
208,$400C_vol,0
209,$4000_duty,1
209,$4000_const,1
209,$4000_vol,0
209,$4004_duty,1
209,$4004_const,1
209,$4004_vol,0
209,$400C_const,1
209,$400C_vol,0
210,$4000_duty,1
210,$4000_const,1
210,$4000_vol,0
210,$4004_duty,1
210,$4004_const,1
210,$4004_vol,0
210,$400C_const,1
210,$400C_vol,0
210,$4008_linear,127
210,$400A_period,509
210,$400B_length,248
211,$4000_duty,1
211,$4000_const,1
211,$4000_vol,0
211,$4004_duty,1
211,$4004_const,1
211,$4004_vol,0
211,$400C_const,1
211,$400C_vol,0
212,$4000_duty,1
212,$4000_const,1
212,$4000_vol,0
212,$4004_duty,1
212,$4004_const,1
212,$4004_vol,0
212,$400C_const,1
212,$400C_vol,0
213,$4000_duty,1
213,$4000_const,1
213,$4000_vol,0
213,$4004_duty,1
213,$4004_const,1
213,$4004_vol,0
213,$400C_const,1
213,$400C_vol,0
214,$4000_duty,1
214,$4000_const,1
214,$4000_vol,0
214,$4004_duty,1
214,$4004_const,1
214,$4004_vol,0
214,$400C_const,1
214,$400C_vol,0
215,$4000_duty,1
215,$4000_const,1
215,$4000_vol,0
215,$4004_duty,1
215,$4004_const,1
215,$4004_vol,0
215,$400C_const,1
215,$400C_vol,0
216,$4000_duty,1
216,$4000_const,1
216,$4000_vol,0
216,$4004_duty,1
216,$4004_const,1
216,$4004_vol,0
216,$400C_const,1
216,$400C_vol,0
216,$4008_linear,0
216,$400A_period,1
216,$400B_length,0
216,$4008_linear,0
216,$400A_period,1
216,$400B_length,0
217,$4000_duty,1
217,$4000_const,1
217,$4000_vol,0
217,$4004_duty,1
217,$4004_const,1
217,$4004_vol,0
217,$400C_const,1
217,$400C_vol,0
218,$4000_duty,1
218,$4000_const,1
218,$4000_vol,0
218,$4004_duty,1
218,$4004_const,1
218,$4004_vol,0
218,$400C_const,1
218,$400C_vol,0
219,$4000_duty,1
219,$4000_const,1
219,$4000_vol,0
219,$4004_duty,1
219,$4004_const,1
219,$4004_vol,0
219,$400C_const,1
219,$400C_vol,0
220,$4000_duty,1
220,$4000_const,1
220,$4000_vol,0
220,$4004_duty,1
220,$4004_const,1
220,$4004_vol,0
220,$400C_const,1
220,$400C_vol,0
221,$4000_duty,1
221,$4000_const,1
221,$4000_vol,0
221,$4004_duty,1
221,$4004_const,1
221,$4004_vol,0
221,$400C_const,1
221,$400C_vol,0
222,$4000_duty,1
222,$4000_const,1
222,$4000_vol,0
222,$4004_duty,1
222,$4004_const,1
222,$4004_vol,0
222,$400C_const,1
222,$400C_vol,0
222,$4008_linear,127
222,$400A_period,509
222,$400B_length,248
223,$4000_duty,1
223,$4000_const,1
223,$4000_vol,0
223,$4004_duty,1
223,$4004_const,1
223,$4004_vol,0
223,$400C_const,1
223,$400C_vol,0
224,$4000_duty,1
224,$4000_const,1
224,$4000_vol,0
224,$4004_duty,1
224,$4004_const,1
224,$4004_vol,0
224,$400C_const,1
224,$400C_vol,0
225,$4000_duty,1
225,$4000_const,1
225,$4000_vol,0
225,$4004_duty,1
225,$4004_const,1
225,$4004_vol,0
225,$400C_const,1
225,$400C_vol,0
226,$4000_duty,1
226,$4000_const,1
226,$4000_vol,0
226,$4004_duty,1
226,$4004_const,1
226,$4004_vol,0
226,$400C_const,1
226,$400C_vol,0
227,$4000_duty,1
227,$4000_const,1
227,$4000_vol,0
227,$4004_duty,1
227,$4004_const,1
227,$4004_vol,0
227,$400C_const,1
227,$400C_vol,0
228,$4000_duty,1
228,$4000_const,1
228,$4000_vol,0
228,$4004_duty,1
228,$4004_const,1
228,$4004_vol,0
228,$400C_const,1
228,$400C_vol,0
228,$4008_linear,0
228,$400A_period,1
228,$400B_length,0
228,$4008_linear,0
228,$400A_period,1
228,$400B_length,0
229,$4000_duty,1
229,$4000_const,1
229,$4000_vol,0
229,$4004_duty,1
229,$4004_const,1
229,$4004_vol,0
229,$400C_const,1
229,$400C_vol,0
230,$4000_duty,1
230,$4000_const,1
230,$4000_vol,0
230,$4004_duty,1
230,$4004_const,1
230,$4004_vol,0
230,$400C_const,1
230,$400C_vol,0
231,$4000_duty,1
231,$4000_const,1
231,$4000_vol,0
231,$4004_duty,1
231,$4004_const,1
231,$4004_vol,0
231,$400C_const,1
231,$400C_vol,0
232,$4000_duty,1
232,$4000_const,1
232,$4000_vol,0
232,$4004_duty,1
232,$4004_const,1
232,$4004_vol,0
232,$400C_const,1
232,$400C_vol,0
233,$4000_duty,1
233,$4000_const,1
233,$4000_vol,0
233,$4004_duty,1
233,$4004_const,1
233,$4004_vol,0
233,$400C_const,1
233,$400C_vol,0
234,$4000_duty,1
234,$4000_const,1
234,$4000_vol,0
234,$4004_duty,1
234,$4004_const,1
234,$4004_vol,0
234,$400C_const,1
234,$400C_vol,0
234,$4008_linear,127
234,$400A_period,509
234,$400B_length,248
235,$4000_duty,1
235,$4000_const,1
235,$4000_vol,0
235,$4004_duty,1
235,$4004_const,1
235,$4004_vol,0
235,$400C_const,1
235,$400C_vol,0
236,$4000_duty,1
236,$4000_const,1
236,$4000_vol,0
236,$4004_duty,1
236,$4004_const,1
236,$4004_vol,0
236,$400C_const,1
236,$400C_vol,0
237,$4000_duty,1
237,$4000_const,1
237,$4000_vol,0
237,$4004_duty,1
237,$4004_const,1
237,$4004_vol,0
237,$400C_const,1
237,$400C_vol,0
238,$4000_duty,1
238,$4000_const,1
238,$4000_vol,0
238,$4004_duty,1
238,$4004_const,1
238,$4004_vol,0
238,$400C_const,1
238,$400C_vol,0
239,$4000_duty,1
239,$4000_const,1
239,$4000_vol,0
239,$4004_duty,1
239,$4004_const,1
239,$4004_vol,0
239,$400C_const,1
239,$400C_vol,0
240,$4000_duty,1
240,$4000_const,1
240,$4000_vol,0
240,$4004_duty,1
240,$4004_const,1
240,$4004_vol,0
240,$400C_const,1
240,$400C_vol,0
240,$4008_linear,0
240,$400A_period,1
240,$400B_length,0
240,$4008_linear,0
240,$400A_period,1
240,$400B_length,0
241,$4000_duty,1
241,$4000_const,1
241,$4000_vol,0
241,$4004_duty,1
241,$4004_const,1
241,$4004_vol,0
241,$400C_const,1
241,$400C_vol,0
242,$4000_duty,1
242,$4000_const,1
242,$4000_vol,0
242,$4004_duty,1
242,$4004_const,1
242,$4004_vol,0
242,$400C_const,1
242,$400C_vol,0
243,$4000_duty,1
243,$4000_const,1
243,$4000_vol,0
243,$4004_duty,1
243,$4004_const,1
243,$4004_vol,0
243,$400C_const,1
243,$400C_vol,0
244,$4000_duty,1
244,$4000_const,1
244,$4000_vol,0
244,$4004_duty,1
244,$4004_const,1
244,$4004_vol,0
244,$400C_const,1
244,$400C_vol,0
245,$4000_duty,1
245,$4000_const,1
245,$4000_vol,0
245,$4004_duty,1
245,$4004_const,1
245,$4004_vol,0
245,$400C_const,1
245,$400C_vol,0
246,$4001_sweep,8
246,$4002_period,361
246,$400B_length,0
246,$4000_duty,1
246,$4000_const,1
246,$4000_vol,13
246,$4005_sweep,8
246,$4006_period,361
246,$4004_duty,1
246,$4004_const,1
246,$4004_vol,13
246,$400C_const,1
246,$400C_vol,0
246,$4008_linear,127
246,$400A_period,509
246,$400B_length,248
247,$4000_duty,1
247,$4000_const,1
247,$4000_vol,13
247,$4004_duty,1
247,$4004_const,1
247,$4004_vol,13
247,$400C_const,1
247,$400C_vol,0
248,$4000_duty,1
248,$4000_const,1
248,$4000_vol,12
248,$4004_duty,1
248,$4004_const,1
248,$4004_vol,12
248,$400C_const,1
248,$400C_vol,0
249,$4000_duty,1
249,$4000_const,1
249,$4000_vol,12
249,$4004_duty,1
249,$4004_const,1
249,$4004_vol,12
249,$400C_const,1
249,$400C_vol,0
250,$4000_duty,1
250,$4000_const,1
250,$4000_vol,13
250,$4004_duty,1
250,$4004_const,1
250,$4004_vol,13
250,$400C_const,1
250,$400C_vol,0
251,$4000_duty,1
251,$4000_const,1
251,$4000_vol,13
251,$4004_duty,1
251,$4004_const,1
251,$4004_vol,13
251,$400C_const,1
251,$400C_vol,0
252,$4000_duty,1
252,$4000_const,1
252,$4000_vol,12
252,$4004_duty,1
252,$4004_const,1
252,$4004_vol,12
252,$400C_const,1
252,$400C_vol,0
252,$4008_linear,0
252,$400A_period,1
252,$400B_length,0
252,$4008_linear,0
252,$400A_period,1
252,$400B_length,0
253,$4000_duty,1
253,$4000_const,1
253,$4000_vol,12
253,$4004_duty,1
253,$4004_const,1
253,$4004_vol,12
253,$400C_const,1
253,$400C_vol,0
254,$4000_duty,1
254,$4000_const,1
254,$4000_vol,11
254,$4004_duty,1
254,$4004_const,1
254,$4004_vol,11
254,$400C_const,1
254,$400C_vol,0
255,$4000_duty,1
255,$4000_const,1
255,$4000_vol,11
255,$4004_duty,1
255,$4004_const,1
255,$4004_vol,11
255,$400C_const,1
255,$400C_vol,0
256,$4000_duty,1
256,$4000_const,1
256,$4000_vol,12
256,$4004_duty,1
256,$4004_const,1
256,$4004_vol,12
256,$400C_const,1
256,$400C_vol,0
257,$4000_duty,1
257,$4000_const,1
257,$4000_vol,11
257,$4004_duty,1
257,$4004_const,1
257,$4004_vol,11
257,$400C_const,1
257,$400C_vol,0
258,$4000_duty,1
258,$4000_const,1
258,$4000_vol,10
258,$4004_duty,1
258,$4004_const,1
258,$4004_vol,10
258,$400C_const,1
258,$400C_vol,0
258,$4008_linear,127
258,$400A_period,509
258,$400B_length,248
259,$4000_duty,1
259,$4000_const,1
259,$4000_vol,10
259,$4004_duty,1
259,$4004_const,1
259,$4004_vol,10
259,$400C_const,1
259,$400C_vol,0
260,$4000_duty,1
260,$4000_const,1
260,$4000_vol,9
260,$4004_duty,1
260,$4004_const,1
260,$4004_vol,9
260,$400C_const,1
260,$400C_vol,0
261,$4000_duty,1
261,$4000_const,1
261,$4000_vol,9
261,$4004_duty,1
261,$4004_const,1
261,$4004_vol,9
261,$400C_const,1
261,$400C_vol,0
262,$4000_duty,1
262,$4000_const,1
262,$4000_vol,9
262,$4004_duty,1
262,$4004_const,1
262,$4004_vol,9
262,$400C_const,1
262,$400C_vol,0
263,$4000_duty,1
263,$4000_const,1
263,$4000_vol,9
263,$4004_duty,1
263,$4004_const,1
263,$4004_vol,9
263,$400C_const,1
263,$400C_vol,0
264,$4000_duty,1
264,$4000_const,1
264,$4000_vol,2
264,$4004_duty,1
264,$4004_const,1
264,$4004_vol,2
264,$400C_const,1
264,$400C_vol,0
264,$4008_linear,0
264,$400A_period,1
264,$400B_length,0
264,$4008_linear,0
264,$400A_period,1
264,$400B_length,0
265,$4000_duty,1
265,$4000_const,1
265,$4000_vol,0
265,$4004_duty,1
265,$4004_const,1
265,$4004_vol,0
265,$400C_const,1
265,$400C_vol,0
266,$4000_duty,1
266,$4000_const,1
266,$4000_vol,0
266,$4004_duty,1
266,$4004_const,1
266,$4004_vol,0
266,$400C_const,1
266,$400C_vol,0
267,$4000_duty,1
267,$4000_const,1
267,$4000_vol,0
267,$4004_duty,1
267,$4004_const,1
267,$4004_vol,0
267,$400C_const,1
267,$400C_vol,0
268,$4000_duty,1
268,$4000_const,1
268,$4000_vol,0
268,$4004_duty,1
268,$4004_const,1
268,$4004_vol,0
268,$400C_const,1
268,$400C_vol,0
269,$4000_duty,1
269,$4000_const,1
269,$4000_vol,0
269,$4004_duty,1
269,$4004_const,1
269,$4004_vol,0
269,$400C_const,1
269,$400C_vol,0
270,$4001_sweep,8
270,$4002_period,381
270,$400B_length,0
270,$4000_duty,1
270,$4000_const,1
270,$4000_vol,13
270,$4005_sweep,8
270,$4006_period,381
270,$4004_duty,1
270,$4004_const,1
270,$4004_vol,13
270,$400C_const,1
270,$400C_vol,0
270,$4008_linear,127
270,$400A_period,509
270,$400B_length,248
271,$4000_duty,1
271,$4000_const,1
271,$4000_vol,13
271,$4004_duty,1
271,$4004_const,1
271,$4004_vol,13
271,$400C_const,1
271,$400C_vol,0
272,$4000_duty,1
272,$4000_const,1
272,$4000_vol,12
272,$4004_duty,1
272,$4004_const,1
272,$4004_vol,12
272,$400C_const,1
272,$400C_vol,0
273,$4000_duty,1
273,$4000_const,1
273,$4000_vol,12
273,$4004_duty,1
273,$4004_const,1
273,$4004_vol,12
273,$400C_const,1
273,$400C_vol,0
274,$4000_duty,1
274,$4000_const,1
274,$4000_vol,13
274,$4004_duty,1
274,$4004_const,1
274,$4004_vol,13
274,$400C_const,1
274,$400C_vol,0
275,$4000_duty,1
275,$4000_const,1
275,$4000_vol,13
275,$4004_duty,1
275,$4004_const,1
275,$4004_vol,13
275,$400C_const,1
275,$400C_vol,0
276,$4001_sweep,8
276,$4002_period,429
276,$400B_length,0
276,$4000_duty,1
276,$4000_const,1
276,$4000_vol,13
276,$4005_sweep,8
276,$4006_period,429
276,$4004_duty,1
276,$4004_const,1
276,$4004_vol,13
276,$400C_const,1
276,$400C_vol,0
276,$4008_linear,0
276,$400A_period,1
276,$400B_length,0
276,$4008_linear,0
276,$400A_period,1
276,$400B_length,0
277,$4000_duty,1
277,$4000_const,1
277,$4000_vol,13
277,$4004_duty,1
277,$4004_const,1
277,$4004_vol,13
277,$400C_const,1
277,$400C_vol,0
278,$4000_duty,1
278,$4000_const,1
278,$4000_vol,12
278,$4004_duty,1
278,$4004_const,1
278,$4004_vol,12
278,$400C_const,1
278,$400C_vol,0
279,$4000_duty,1
279,$4000_const,1
279,$4000_vol,12
279,$4004_duty,1
279,$4004_const,1
279,$4004_vol,12
279,$400C_const,1
279,$400C_vol,0
280,$4000_duty,1
280,$4000_const,1
280,$4000_vol,13
280,$4004_duty,1
280,$4004_const,1
280,$4004_vol,13
280,$400C_const,1
280,$400C_vol,0
281,$4000_duty,1
281,$4000_const,1
281,$4000_vol,13
281,$4004_duty,1
281,$4004_const,1
281,$4004_vol,13
281,$400C_const,1
281,$400C_vol,0
282,$4001_sweep,8
282,$4002_period,303
282,$400B_length,0
282,$4000_duty,1
282,$4000_const,1
282,$4000_vol,13
282,$4005_sweep,8
282,$4006_period,303
282,$4004_duty,1
282,$4004_const,1
282,$4004_vol,13
282,$400C_const,1
282,$400C_vol,0
282,$4008_linear,127
282,$400A_period,509
282,$400B_length,248
283,$4000_duty,1
283,$4000_const,1
283,$4000_vol,13
283,$4004_duty,1
283,$4004_const,1
283,$4004_vol,13
283,$400C_const,1
283,$400C_vol,0
284,$4000_duty,1
284,$4000_const,1
284,$4000_vol,12
284,$4004_duty,1
284,$4004_const,1
284,$4004_vol,12
284,$400C_const,1
284,$400C_vol,0
285,$4000_duty,1
285,$4000_const,1
285,$4000_vol,12
285,$4004_duty,1
285,$4004_const,1
285,$4004_vol,12
285,$400C_const,1
285,$400C_vol,0
286,$4000_duty,1
286,$4000_const,1
286,$4000_vol,13
286,$4004_duty,1
286,$4004_const,1
286,$4004_vol,13
286,$400C_const,1
286,$400C_vol,0
287,$4000_duty,1
287,$4000_const,1
287,$4000_vol,13
287,$4004_duty,1
287,$4004_const,1
287,$4004_vol,13
287,$400C_const,1
287,$400C_vol,0
288,$4000_duty,1
288,$4000_const,1
288,$4000_vol,12
288,$4004_duty,1
288,$4004_const,1
288,$4004_vol,12
288,$400C_const,1
288,$400C_vol,0
288,$4008_linear,0
288,$400A_period,1
288,$400B_length,0
288,$4008_linear,0
288,$400A_period,1
288,$400B_length,0
289,$4000_duty,1
289,$4000_const,1
289,$4000_vol,12
289,$4004_duty,1
289,$4004_const,1
289,$4004_vol,12
289,$400C_const,1
289,$400C_vol,0
290,$4000_duty,1
290,$4000_const,1
290,$4000_vol,11
290,$4004_duty,1
290,$4004_const,1
290,$4004_vol,11
290,$400C_const,1
290,$400C_vol,0
291,$4000_duty,1
291,$4000_const,1
291,$4000_vol,11
291,$4004_duty,1
291,$4004_const,1
291,$4004_vol,11
291,$400C_const,1
291,$400C_vol,0
292,$4000_duty,1
292,$4000_const,1
292,$4000_vol,12
292,$4004_duty,1
292,$4004_const,1
292,$4004_vol,12
292,$400C_const,1
292,$400C_vol,0
293,$4000_duty,1
293,$4000_const,1
293,$4000_vol,11
293,$4004_duty,1
293,$4004_const,1
293,$4004_vol,11
293,$400C_const,1
293,$400C_vol,0
294,$4000_duty,1
294,$4000_const,1
294,$4000_vol,10
294,$4004_duty,1
294,$4004_const,1
294,$4004_vol,10
294,$400C_const,1
294,$400C_vol,0
294,$4008_linear,127
294,$400A_period,509
294,$400B_length,248
295,$4000_duty,1
295,$4000_const,1
295,$4000_vol,10
295,$4004_duty,1
295,$4004_const,1
295,$4004_vol,10
295,$400C_const,1
295,$400C_vol,0
296,$4000_duty,1
296,$4000_const,1
296,$4000_vol,9
296,$4004_duty,1
296,$4004_const,1
296,$4004_vol,9
296,$400C_const,1
296,$400C_vol,0
297,$4000_duty,1
297,$4000_const,1
297,$4000_vol,9
297,$4004_duty,1
297,$4004_const,1
297,$4004_vol,9
297,$400C_const,1
297,$400C_vol,0
298,$4000_duty,1
298,$4000_const,1
298,$4000_vol,9
298,$4004_duty,1
298,$4004_const,1
298,$4004_vol,9
298,$400C_const,1
298,$400C_vol,0
299,$4000_duty,1
299,$4000_const,1
299,$4000_vol,9
299,$4004_duty,1
299,$4004_const,1
299,$4004_vol,9
299,$400C_const,1
299,$400C_vol,0
300,$4000_duty,1
300,$4000_const,1
300,$4000_vol,10
300,$4004_duty,1
300,$4004_const,1
300,$4004_vol,10
300,$400C_const,1
300,$400C_vol,0
300,$4008_linear,0
300,$400A_period,1
300,$400B_length,0
300,$4008_linear,0
300,$400A_period,1
300,$400B_length,0
301,$4000_duty,1
301,$4000_const,1
301,$4000_vol,10
301,$4004_duty,1
301,$4004_const,1
301,$4004_vol,10
301,$400C_const,1
301,$400C_vol,0
302,$4000_duty,1
302,$4000_const,1
302,$4000_vol,9
302,$4004_duty,1
302,$4004_const,1
302,$4004_vol,9
302,$400C_const,1
302,$400C_vol,0
303,$4000_duty,1
303,$4000_const,1
303,$4000_vol,9
303,$4004_duty,1
303,$4004_const,1
303,$4004_vol,9
303,$400C_const,1
303,$400C_vol,0
304,$4000_duty,1
304,$4000_const,1
304,$4000_vol,10
304,$4004_duty,1
304,$4004_const,1
304,$4004_vol,10
304,$400C_const,1
304,$400C_vol,0
305,$4000_duty,1
305,$4000_const,1
305,$4000_vol,10
305,$4004_duty,1
305,$4004_const,1
305,$4004_vol,10
305,$400C_const,1
305,$400C_vol,0
306,$4000_duty,1
306,$4000_const,1
306,$4000_vol,9
306,$4004_duty,1
306,$4004_const,1
306,$4004_vol,9
306,$400C_const,1
306,$400C_vol,0
306,$4008_linear,127
306,$400A_period,509
306,$400B_length,248
307,$4000_duty,1
307,$4000_const,1
307,$4000_vol,9
307,$4004_duty,1
307,$4004_const,1
307,$4004_vol,9
307,$400C_const,1
307,$400C_vol,0
308,$4000_duty,1
308,$4000_const,1
308,$4000_vol,8
308,$4004_duty,1
308,$4004_const,1
308,$4004_vol,8
308,$400C_const,1
308,$400C_vol,0
309,$4000_duty,1
309,$4000_const,1
309,$4000_vol,8
309,$4004_duty,1
309,$4004_const,1
309,$4004_vol,8
309,$400C_const,1
309,$400C_vol,0
310,$4000_duty,1
310,$4000_const,1
310,$4000_vol,7
310,$4004_duty,1
310,$4004_const,1
310,$4004_vol,7
310,$400C_const,1
310,$400C_vol,0
311,$4000_duty,1
311,$4000_const,1
311,$4000_vol,7
311,$4004_duty,1
311,$4004_const,1
311,$4004_vol,7
311,$400C_const,1
311,$400C_vol,0
312,$4000_duty,1
312,$4000_const,1
312,$4000_vol,6
312,$4004_duty,1
312,$4004_const,1
312,$4004_vol,6
312,$400C_const,1
312,$400C_vol,0
312,$4008_linear,0
312,$400A_period,1
312,$400B_length,0
312,$4008_linear,0
312,$400A_period,1
312,$400B_length,0
313,$4000_duty,1
313,$4000_const,1
313,$4000_vol,6
313,$4004_duty,1
313,$4004_const,1
313,$4004_vol,6
313,$400C_const,1
313,$400C_vol,0
314,$4000_duty,1
314,$4000_const,1
314,$4000_vol,5
314,$4004_duty,1
314,$4004_const,1
314,$4004_vol,5
314,$400C_const,1
314,$400C_vol,0
315,$4000_duty,1
315,$4000_const,1
315,$4000_vol,5
315,$4004_duty,1
315,$4004_const,1
315,$4004_vol,5
315,$400C_const,1
315,$400C_vol,0
316,$4000_duty,1
316,$4000_const,1
316,$4000_vol,4
316,$4004_duty,1
316,$4004_const,1
316,$4004_vol,4
316,$400C_const,1
316,$400C_vol,0
317,$4000_duty,1
317,$4000_const,1
317,$4000_vol,4
317,$4004_duty,1
317,$4004_const,1
317,$4004_vol,4
317,$400C_const,1
317,$400C_vol,0
318,$4000_duty,1
318,$4000_const,1
318,$4000_vol,0
318,$4004_duty,1
318,$4004_const,1
318,$4004_vol,0
318,$400C_const,1
318,$400C_vol,0
318,$4008_linear,127
318,$400A_period,509
318,$400B_length,248
319,$4000_duty,1
319,$4000_const,1
319,$4000_vol,0
319,$4004_duty,1
319,$4004_const,1
319,$4004_vol,0
319,$400C_const,1
319,$400C_vol,0
320,$4000_duty,1
320,$4000_const,1
320,$4000_vol,0
320,$4004_duty,1
320,$4004_const,1
320,$4004_vol,0
320,$400C_const,1
320,$400C_vol,0
321,$4000_duty,1
321,$4000_const,1
321,$4000_vol,0
321,$4004_duty,1
321,$4004_const,1
321,$4004_vol,0
321,$400C_const,1
321,$400C_vol,0
322,$4000_duty,1
322,$4000_const,1
322,$4000_vol,0
322,$4004_duty,1
322,$4004_const,1
322,$4004_vol,0
322,$400C_const,1
322,$400C_vol,0
323,$4000_duty,1
323,$4000_const,1
323,$4000_vol,0
323,$4004_duty,1
323,$4004_const,1
323,$4004_vol,0
323,$400C_const,1
323,$400C_vol,0
324,$4000_duty,1
324,$4000_const,1
324,$4000_vol,0
324,$4004_duty,1
324,$4004_const,1
324,$4004_vol,0
324,$400C_const,1
324,$400C_vol,0
324,$4008_linear,0
324,$400A_period,1
324,$400B_length,0
324,$4008_linear,0
324,$400A_period,1
324,$400B_length,0
325,$4000_duty,1
325,$4000_const,1
325,$4000_vol,0
325,$4004_duty,1
325,$4004_const,1
325,$4004_vol,0
325,$400C_const,1
325,$400C_vol,0
326,$4000_duty,1
326,$4000_const,1
326,$4000_vol,0
326,$4004_duty,1
326,$4004_const,1
326,$4004_vol,0
326,$400C_const,1
326,$400C_vol,0
327,$4000_duty,1
327,$4000_const,1
327,$4000_vol,0
327,$4004_duty,1
327,$4004_const,1
327,$4004_vol,0
327,$400C_const,1
327,$400C_vol,0
328,$4000_duty,1
328,$4000_const,1
328,$4000_vol,0
328,$4004_duty,1
328,$4004_const,1
328,$4004_vol,0
328,$400C_const,1
328,$400C_vol,0
329,$4000_duty,1
329,$4000_const,1
329,$4000_vol,0
329,$4004_duty,1
329,$4004_const,1
329,$4004_vol,0
329,$400C_const,1
329,$400C_vol,0
330,$4000_duty,1
330,$4000_const,1
330,$4000_vol,0
330,$4004_duty,1
330,$4004_const,1
330,$4004_vol,0
330,$400C_const,1
330,$400C_vol,0
330,$4008_linear,127
330,$400A_period,509
330,$400B_length,248
331,$4000_duty,1
331,$4000_const,1
331,$4000_vol,0
331,$4004_duty,1
331,$4004_const,1
331,$4004_vol,0
331,$400C_const,1
331,$400C_vol,0
332,$4000_duty,1
332,$4000_const,1
332,$4000_vol,0
332,$4004_duty,1
332,$4004_const,1
332,$4004_vol,0
332,$400C_const,1
332,$400C_vol,0
333,$4000_duty,1
333,$4000_const,1
333,$4000_vol,0
333,$4004_duty,1
333,$4004_const,1
333,$4004_vol,0
333,$400C_const,1
333,$400C_vol,0
334,$4000_duty,1
334,$4000_const,1
334,$4000_vol,0
334,$4004_duty,1
334,$4004_const,1
334,$4004_vol,0
334,$400C_const,1
334,$400C_vol,0
335,$4000_duty,1
335,$4000_const,1
335,$4000_vol,0
335,$4004_duty,1
335,$4004_const,1
335,$4004_vol,0
335,$400C_const,1
335,$400C_vol,0
335,$4008_linear,0
335,$400A_period,1
335,$400B_length,0
335,$4008_linear,0
335,$400A_period,1
335,$400B_length,0
336,$4000_duty,1
336,$4000_const,1
336,$4000_vol,0
336,$4004_duty,1
336,$4004_const,1
336,$4004_vol,0
336,$400C_const,1
336,$400C_vol,0
337,$4000_duty,1
337,$4000_const,1
337,$4000_vol,0
337,$4004_duty,1
337,$4004_const,1
337,$4004_vol,0
337,$400C_const,1
337,$400C_vol,0
338,$4000_duty,1
338,$4000_const,1
338,$4000_vol,0
338,$4004_duty,1
338,$4004_const,1
338,$4004_vol,0
338,$400C_const,1
338,$400C_vol,0
339,$4000_duty,1
339,$4000_const,1
339,$4000_vol,0
339,$4004_duty,1
339,$4004_const,1
339,$4004_vol,0
339,$400C_const,1
339,$400C_vol,0
340,$4000_duty,1
340,$4000_const,1
340,$4000_vol,0
340,$4004_duty,1
340,$4004_const,1
340,$4004_vol,0
340,$400C_const,1
340,$400C_vol,0
341,$4001_sweep,8
341,$4002_period,287
341,$400B_length,0
341,$4000_duty,1
341,$4000_const,1
341,$4000_vol,13
341,$4005_sweep,8
341,$4006_period,287
341,$4004_duty,1
341,$4004_const,1
341,$4004_vol,13
341,$400C_const,1
341,$400C_vol,0
341,$4008_linear,127
341,$400A_period,509
341,$400B_length,248
342,$4000_duty,1
342,$4000_const,1
342,$4000_vol,13
342,$4004_duty,1
342,$4004_const,1
342,$4004_vol,13
342,$400C_const,1
342,$400C_vol,0
343,$4000_duty,1
343,$4000_const,1
343,$4000_vol,12
343,$4004_duty,1
343,$4004_const,1
343,$4004_vol,12
343,$400C_const,1
343,$400C_vol,0
344,$4000_duty,1
344,$4000_const,1
344,$4000_vol,12
344,$4004_duty,1
344,$4004_const,1
344,$4004_vol,12
344,$400C_const,1
344,$400C_vol,0
345,$4000_duty,1
345,$4000_const,1
345,$4000_vol,13
345,$4004_duty,1
345,$4004_const,1
345,$4004_vol,13
345,$400C_const,1
345,$400C_vol,0
346,$4000_duty,1
346,$4000_const,1
346,$4000_vol,13
346,$4004_duty,1
346,$4004_const,1
346,$4004_vol,13
346,$400C_const,1
346,$400C_vol,0
347,$4000_duty,1
347,$4000_const,1
347,$4000_vol,12
347,$4004_duty,1
347,$4004_const,1
347,$4004_vol,12
347,$400C_const,1
347,$400C_vol,0
347,$4008_linear,0
347,$400A_period,1
347,$400B_length,0
347,$4008_linear,0
347,$400A_period,1
347,$400B_length,0
348,$4000_duty,1
348,$4000_const,1
348,$4000_vol,12
348,$4004_duty,1
348,$4004_const,1
348,$4004_vol,12
348,$400C_const,1
348,$400C_vol,0
349,$4000_duty,1
349,$4000_const,1
349,$4000_vol,11
349,$4004_duty,1
349,$4004_const,1
349,$4004_vol,11
349,$400C_const,1
349,$400C_vol,0
350,$4000_duty,1
350,$4000_const,1
350,$4000_vol,11
350,$4004_duty,1
350,$4004_const,1
350,$4004_vol,11
350,$400C_const,1
350,$400C_vol,0
351,$4000_duty,1
351,$4000_const,1
351,$4000_vol,12
351,$4004_duty,1
351,$4004_const,1
351,$4004_vol,12
351,$400C_const,1
351,$400C_vol,0
352,$4000_duty,1
352,$4000_const,1
352,$4000_vol,11
352,$4004_duty,1
352,$4004_const,1
352,$4004_vol,11
352,$400C_const,1
352,$400C_vol,0
353,$4000_duty,1
353,$4000_const,1
353,$4000_vol,4
353,$4004_duty,1
353,$4004_const,1
353,$4004_vol,4
353,$400C_const,1
353,$400C_vol,0
353,$4008_linear,127
353,$400A_period,509
353,$400B_length,248
354,$4000_duty,1
354,$4000_const,1
354,$4000_vol,0
354,$4004_duty,1
354,$4004_const,1
354,$4004_vol,0
354,$400C_const,1
354,$400C_vol,0
355,$4000_duty,1
355,$4000_const,1
355,$4000_vol,0
355,$4004_duty,1
355,$4004_const,1
355,$4004_vol,0
355,$400C_const,1
355,$400C_vol,0
356,$4000_duty,1
356,$4000_const,1
356,$4000_vol,0
356,$4004_duty,1
356,$4004_const,1
356,$4004_vol,0
356,$400C_const,1
356,$400C_vol,0
357,$4000_duty,1
357,$4000_const,1
357,$4000_vol,0
357,$4004_duty,1
357,$4004_const,1
357,$4004_vol,0
357,$400C_const,1
357,$400C_vol,0
358,$4000_duty,1
358,$4000_const,1
358,$4000_vol,0
358,$4004_duty,1
358,$4004_const,1
358,$4004_vol,0
358,$400C_const,1
358,$400C_vol,0
359,$4000_duty,1
359,$4000_const,1
359,$4000_vol,0
359,$4004_duty,1
359,$4004_const,1
359,$4004_vol,0
359,$400C_const,1
359,$400C_vol,0
359,$4008_linear,0
359,$400A_period,1
359,$400B_length,0
359,$4008_linear,0
359,$400A_period,1
359,$400B_length,0
360,$4000_duty,1
360,$4000_const,1
360,$4000_vol,0
360,$4004_duty,1
360,$4004_const,1
360,$4004_vol,0
360,$400C_const,1
360,$400C_vol,0
361,$4000_duty,1
361,$4000_const,1
361,$4000_vol,0
361,$4004_duty,1
361,$4004_const,1
361,$4004_vol,0
361,$400C_const,1
361,$400C_vol,0
362,$4000_duty,1
362,$4000_const,1
362,$4000_vol,0
362,$4004_duty,1
362,$4004_const,1
362,$4004_vol,0
362,$400C_const,1
362,$400C_vol,0
363,$4000_duty,1
363,$4000_const,1
363,$4000_vol,0
363,$4004_duty,1
363,$4004_const,1
363,$4004_vol,0
363,$400C_const,1
363,$400C_vol,0
364,$4000_duty,1
364,$4000_const,1
364,$4000_vol,0
364,$4004_duty,1
364,$4004_const,1
364,$4004_vol,0
364,$400C_const,1
364,$400C_vol,0
365,$4000_duty,1
365,$4000_const,1
365,$4000_vol,0
365,$4004_duty,1
365,$4004_const,1
365,$4004_vol,0
365,$400C_const,1
365,$400C_vol,0
365,$4008_linear,127
365,$400A_period,509
365,$400B_length,248
366,$4000_duty,1
366,$4000_const,1
366,$4000_vol,0
366,$4004_duty,1
366,$4004_const,1
366,$4004_vol,0
366,$400C_const,1
366,$400C_vol,0
367,$4000_duty,1
367,$4000_const,1
367,$4000_vol,0
367,$4004_duty,1
367,$4004_const,1
367,$4004_vol,0
367,$400C_const,1
367,$400C_vol,0
368,$4000_duty,1
368,$4000_const,1
368,$4000_vol,0
368,$4004_duty,1
368,$4004_const,1
368,$4004_vol,0
368,$400C_const,1
368,$400C_vol,0
369,$4000_duty,1
369,$4000_const,1
369,$4000_vol,0
369,$4004_duty,1
369,$4004_const,1
369,$4004_vol,0
369,$400C_const,1
369,$400C_vol,0
370,$4000_duty,1
370,$4000_const,1
370,$4000_vol,0
370,$4004_duty,1
370,$4004_const,1
370,$4004_vol,0
370,$400C_const,1
370,$400C_vol,0
371,$4000_duty,1
371,$4000_const,1
371,$4000_vol,0
371,$4004_duty,1
371,$4004_const,1
371,$4004_vol,0
371,$400C_const,1
371,$400C_vol,0
371,$4008_linear,0
371,$400A_period,1
371,$400B_length,0
371,$4008_linear,0
371,$400A_period,1
371,$400B_length,0
372,$4000_duty,1
372,$4000_const,1
372,$4000_vol,0
372,$4004_duty,1
372,$4004_const,1
372,$4004_vol,0
372,$400C_const,1
372,$400C_vol,0
373,$4000_duty,1
373,$4000_const,1
373,$4000_vol,0
373,$4004_duty,1
373,$4004_const,1
373,$4004_vol,0
373,$400C_const,1
373,$400C_vol,0
374,$4000_duty,1
374,$4000_const,1
374,$4000_vol,0
374,$4004_duty,1
374,$4004_const,1
374,$4004_vol,0
374,$400C_const,1
374,$400C_vol,0
375,$4000_duty,1
375,$4000_const,1
375,$4000_vol,0
375,$4004_duty,1
375,$4004_const,1
375,$4004_vol,0
375,$400C_const,1
375,$400C_vol,0
376,$4000_duty,1
376,$4000_const,1
376,$4000_vol,0
376,$4004_duty,1
376,$4004_const,1
376,$4004_vol,0
376,$400C_const,1
376,$400C_vol,0
377,$4000_duty,1
377,$4000_const,1
377,$4000_vol,0
377,$4004_duty,1
377,$4004_const,1
377,$4004_vol,0
377,$400C_const,1
377,$400C_vol,0
377,$4008_linear,127
377,$400A_period,509
377,$400B_length,248
378,$4000_duty,1
378,$4000_const,1
378,$4000_vol,0
378,$4004_duty,1
378,$4004_const,1
378,$4004_vol,0
378,$400C_const,1
378,$400C_vol,0
379,$4000_duty,1
379,$4000_const,1
379,$4000_vol,0
379,$4004_duty,1
379,$4004_const,1
379,$4004_vol,0
379,$400C_const,1
379,$400C_vol,0
380,$4000_duty,1
380,$4000_const,1
380,$4000_vol,0
380,$4004_duty,1
380,$4004_const,1
380,$4004_vol,0
380,$400C_const,1
380,$400C_vol,0
381,$4000_duty,1
381,$4000_const,1
381,$4000_vol,0
381,$4004_duty,1
381,$4004_const,1
381,$4004_vol,0
381,$400C_const,1
381,$400C_vol,0
382,$4000_duty,1
382,$4000_const,1
382,$4000_vol,0
382,$4004_duty,1
382,$4004_const,1
382,$4004_vol,0
382,$400C_const,1
382,$400C_vol,0
383,$4000_duty,1
383,$4000_const,1
383,$4000_vol,0
383,$4004_duty,1
383,$4004_const,1
383,$4004_vol,0
383,$400C_const,1
383,$400C_vol,0
383,$4008_linear,0
383,$400A_period,1
383,$400B_length,0
383,$4008_linear,0
383,$400A_period,1
383,$400B_length,0
384,$4000_duty,1
384,$4000_const,1
384,$4000_vol,0
384,$4004_duty,1
384,$4004_const,1
384,$4004_vol,0
384,$400C_const,1
384,$400C_vol,0
385,$4000_duty,1
385,$4000_const,1
385,$4000_vol,0
385,$4004_duty,1
385,$4004_const,1
385,$4004_vol,0
385,$400C_const,1
385,$400C_vol,0
386,$4000_duty,1
386,$4000_const,1
386,$4000_vol,0
386,$4004_duty,1
386,$4004_const,1
386,$4004_vol,0
386,$400C_const,1
386,$400C_vol,0
387,$4000_duty,1
387,$4000_const,1
387,$4000_vol,0
387,$4004_duty,1
387,$4004_const,1
387,$4004_vol,0
387,$400C_const,1
387,$400C_vol,0
388,$4000_duty,1
388,$4000_const,1
388,$4000_vol,0
388,$4004_duty,1
388,$4004_const,1
388,$4004_vol,0
388,$400C_const,1
388,$400C_vol,0
389,$4000_duty,1
389,$4000_const,1
389,$4000_vol,0
389,$4004_duty,1
389,$4004_const,1
389,$4004_vol,0
389,$400C_const,1
389,$400C_vol,0
389,$4008_linear,127
389,$400A_period,509
389,$400B_length,248
390,$4000_duty,1
390,$4000_const,1
390,$4000_vol,0
390,$4004_duty,1
390,$4004_const,1
390,$4004_vol,0
390,$400C_const,1
390,$400C_vol,0
391,$4000_duty,1
391,$4000_const,1
391,$4000_vol,0
391,$4004_duty,1
391,$4004_const,1
391,$4004_vol,0
391,$400C_const,1
391,$400C_vol,0
392,$4000_duty,1
392,$4000_const,1
392,$4000_vol,0
392,$4004_duty,1
392,$4004_const,1
392,$4004_vol,0
392,$400C_const,1
392,$400C_vol,0
393,$4000_duty,1
393,$4000_const,1
393,$4000_vol,0
393,$4004_duty,1
393,$4004_const,1
393,$4004_vol,0
393,$400C_const,1
393,$400C_vol,0
394,$4000_duty,1
394,$4000_const,1
394,$4000_vol,0
394,$4004_duty,1
394,$4004_const,1
394,$4004_vol,0
394,$400C_const,1
394,$400C_vol,0
395,$4000_duty,1
395,$4000_const,1
395,$4000_vol,0
395,$4004_duty,1
395,$4004_const,1
395,$4004_vol,0
395,$400C_const,1
395,$400C_vol,0
395,$4008_linear,0
395,$400A_period,1
395,$400B_length,0
395,$4008_linear,0
395,$400A_period,1
395,$400B_length,0
396,$4000_duty,1
396,$4000_const,1
396,$4000_vol,0
396,$4004_duty,1
396,$4004_const,1
396,$4004_vol,0
396,$400C_const,1
396,$400C_vol,0
397,$4000_duty,1
397,$4000_const,1
397,$4000_vol,0
397,$4004_duty,1
397,$4004_const,1
397,$4004_vol,0
397,$400C_const,1
397,$400C_vol,0
398,$4000_duty,1
398,$4000_const,1
398,$4000_vol,0
398,$4004_duty,1
398,$4004_const,1
398,$4004_vol,0
398,$400C_const,1
398,$400C_vol,0
399,$4000_duty,1
399,$4000_const,1
399,$4000_vol,0
399,$4004_duty,1
399,$4004_const,1
399,$4004_vol,0
399,$400C_const,1
399,$400C_vol,0
400,$4000_duty,1
400,$4000_const,1
400,$4000_vol,0
400,$4004_duty,1
400,$4004_const,1
400,$4004_vol,0
400,$400C_const,1
400,$400C_vol,0
401,$4000_duty,1
401,$4000_const,1
401,$4000_vol,0
401,$4004_duty,1
401,$4004_const,1
401,$4004_vol,0
401,$400C_const,1
401,$400C_vol,0
401,$4008_linear,127
401,$400A_period,509
401,$400B_length,248
402,$4000_duty,1
402,$4000_const,1
402,$4000_vol,0
402,$4004_duty,1
402,$4004_const,1
402,$4004_vol,0
402,$400C_const,1
402,$400C_vol,0
403,$4000_duty,1
403,$4000_const,1
403,$4000_vol,0
403,$4004_duty,1
403,$4004_const,1
403,$4004_vol,0
403,$400C_const,1
403,$400C_vol,0
404,$4000_duty,1
404,$4000_const,1
404,$4000_vol,0
404,$4004_duty,1
404,$4004_const,1
404,$4004_vol,0
404,$400C_const,1
404,$400C_vol,0
405,$4000_duty,1
405,$4000_const,1
405,$4000_vol,0
405,$4004_duty,1
405,$4004_const,1
405,$4004_vol,0
405,$400C_const,1
405,$400C_vol,0
406,$4000_duty,1
406,$4000_const,1
406,$4000_vol,0
406,$4004_duty,1
406,$4004_const,1
406,$4004_vol,0
406,$400C_const,1
406,$400C_vol,0
407,$4000_duty,1
407,$4000_const,1
407,$4000_vol,0
407,$4004_duty,1
407,$4004_const,1
407,$4004_vol,0
407,$400C_const,1
407,$400C_vol,0
407,$4008_linear,0
407,$400A_period,1
407,$400B_length,0
407,$4008_linear,0
407,$400A_period,1
407,$400B_length,0
408,$4000_duty,1
408,$4000_const,1
408,$4000_vol,0
408,$4004_duty,1
408,$4004_const,1
408,$4004_vol,0
408,$400C_const,1
408,$400C_vol,0
409,$4000_duty,1
409,$4000_const,1
409,$4000_vol,0
409,$4004_duty,1
409,$4004_const,1
409,$4004_vol,0
409,$400C_const,1
409,$400C_vol,0
410,$4000_duty,1
410,$4000_const,1
410,$4000_vol,0
410,$4004_duty,1
410,$4004_const,1
410,$4004_vol,0
410,$400C_const,1
410,$400C_vol,0
411,$4000_duty,1
411,$4000_const,1
411,$4000_vol,0
411,$4004_duty,1
411,$4004_const,1
411,$4004_vol,0
411,$400C_const,1
411,$400C_vol,0
412,$4000_duty,1
412,$4000_const,1
412,$4000_vol,0
412,$4004_duty,1
412,$4004_const,1
412,$4004_vol,0
412,$400C_const,1
412,$400C_vol,0
413,$4000_duty,1
413,$4000_const,1
413,$4000_vol,0
413,$4004_duty,1
413,$4004_const,1
413,$4004_vol,0
413,$400C_const,1
413,$400C_vol,0
413,$4008_linear,127
413,$400A_period,509
413,$400B_length,248
414,$4000_duty,1
414,$4000_const,1
414,$4000_vol,0
414,$4004_duty,1
414,$4004_const,1
414,$4004_vol,0
414,$400C_const,1
414,$400C_vol,0
415,$4000_duty,1
415,$4000_const,1
415,$4000_vol,0
415,$4004_duty,1
415,$4004_const,1
415,$4004_vol,0
415,$400C_const,1
415,$400C_vol,0
416,$4000_duty,1
416,$4000_const,1
416,$4000_vol,0
416,$4004_duty,1
416,$4004_const,1
416,$4004_vol,0
416,$400C_const,1
416,$400C_vol,0
417,$4000_duty,1
417,$4000_const,1
417,$4000_vol,0
417,$4004_duty,1
417,$4004_const,1
417,$4004_vol,0
417,$400C_const,1
417,$400C_vol,0
418,$4000_duty,1
418,$4000_const,1
418,$4000_vol,0
418,$4004_duty,1
418,$4004_const,1
418,$4004_vol,0
418,$400C_const,1
418,$400C_vol,0
419,$4000_duty,1
419,$4000_const,1
419,$4000_vol,0
419,$4004_duty,1
419,$4004_const,1
419,$4004_vol,0
419,$400C_const,1
419,$400C_vol,0
419,$4008_linear,0
419,$400A_period,1
419,$400B_length,0
419,$4008_linear,0
419,$400A_period,1
419,$400B_length,0
420,$4000_duty,1
420,$4000_const,1
420,$4000_vol,0
420,$4004_duty,1
420,$4004_const,1
420,$4004_vol,0
420,$400C_const,1
420,$400C_vol,0
421,$4000_duty,1
421,$4000_const,1
421,$4000_vol,0
421,$4004_duty,1
421,$4004_const,1
421,$4004_vol,0
421,$400C_const,1
421,$400C_vol,0
422,$4000_duty,1
422,$4000_const,1
422,$4000_vol,0
422,$4004_duty,1
422,$4004_const,1
422,$4004_vol,0
422,$400C_const,1
422,$400C_vol,0
423,$4000_duty,1
423,$4000_const,1
423,$4000_vol,0
423,$4004_duty,1
423,$4004_const,1
423,$4004_vol,0
423,$400C_const,1
423,$400C_vol,0
424,$4000_duty,1
424,$4000_const,1
424,$4000_vol,0
424,$4004_duty,1
424,$4004_const,1
424,$4004_vol,0
424,$400C_const,1
424,$400C_vol,0
425,$4000_duty,1
425,$4000_const,1
425,$4000_vol,0
425,$4004_duty,1
425,$4004_const,1
425,$4004_vol,0
425,$400C_const,1
425,$400C_vol,0
425,$4008_linear,127
425,$400A_period,509
425,$400B_length,248
426,$4000_duty,1
426,$4000_const,1
426,$4000_vol,0
426,$4004_duty,1
426,$4004_const,1
426,$4004_vol,0
426,$400C_const,1
426,$400C_vol,0
427,$4000_duty,1
427,$4000_const,1
427,$4000_vol,0
427,$4004_duty,1
427,$4004_const,1
427,$4004_vol,0
427,$400C_const,1
427,$400C_vol,0
428,$4000_duty,1
428,$4000_const,1
428,$4000_vol,0
428,$4004_duty,1
428,$4004_const,1
428,$4004_vol,0
428,$400C_const,1
428,$400C_vol,0
429,$4000_duty,1
429,$4000_const,1
429,$4000_vol,0
429,$4004_duty,1
429,$4004_const,1
429,$4004_vol,0
429,$400C_const,1
429,$400C_vol,0
430,$4000_duty,1
430,$4000_const,1
430,$4000_vol,0
430,$4004_duty,1
430,$4004_const,1
430,$4004_vol,0
430,$400C_const,1
430,$400C_vol,0
431,$4000_duty,1
431,$4000_const,1
431,$4000_vol,0
431,$4004_duty,1
431,$4004_const,1
431,$4004_vol,0
431,$400C_const,1
431,$400C_vol,0
431,$4008_linear,0
431,$400A_period,1
431,$400B_length,0
431,$4008_linear,0
431,$400A_period,1
431,$400B_length,0
432,$4000_duty,1
432,$4000_const,1
432,$4000_vol,0
432,$4004_duty,1
432,$4004_const,1
432,$4004_vol,0
432,$400C_const,1
432,$400C_vol,0
433,$4000_duty,1
433,$4000_const,1
433,$4000_vol,0
433,$4004_duty,1
433,$4004_const,1
433,$4004_vol,0
433,$400C_const,1
433,$400C_vol,0
434,$4000_duty,1
434,$4000_const,1
434,$4000_vol,0
434,$4004_duty,1
434,$4004_const,1
434,$4004_vol,0
434,$400C_const,1
434,$400C_vol,0
435,$4000_duty,1
435,$4000_const,1
435,$4000_vol,0
435,$4004_duty,1
435,$4004_const,1
435,$4004_vol,0
435,$400C_const,1
435,$400C_vol,0
436,$4000_duty,1
436,$4000_const,1
436,$4000_vol,0
436,$4004_duty,1
436,$4004_const,1
436,$4004_vol,0
436,$400C_const,1
436,$400C_vol,0
437,$4000_duty,1
437,$4000_const,1
437,$4000_vol,0
437,$4004_duty,1
437,$4004_const,1
437,$4004_vol,0
437,$400C_const,1
437,$400C_vol,0
437,$4008_linear,127
437,$400A_period,509
437,$400B_length,248
438,$4000_duty,1
438,$4000_const,1
438,$4000_vol,0
438,$4004_duty,1
438,$4004_const,1
438,$4004_vol,0
438,$400C_const,1
438,$400C_vol,0
439,$4000_duty,1
439,$4000_const,1
439,$4000_vol,0
439,$4004_duty,1
439,$4004_const,1
439,$4004_vol,0
439,$400C_const,1
439,$400C_vol,0
440,$4000_duty,1
440,$4000_const,1
440,$4000_vol,0
440,$4004_duty,1
440,$4004_const,1
440,$4004_vol,0
440,$400C_const,1
440,$400C_vol,0
441,$4000_duty,1
441,$4000_const,1
441,$4000_vol,0
441,$4004_duty,1
441,$4004_const,1
441,$4004_vol,0
441,$400C_const,1
441,$400C_vol,0
442,$4000_duty,1
442,$4000_const,1
442,$4000_vol,0
442,$4004_duty,1
442,$4004_const,1
442,$4004_vol,0
442,$400C_const,1
442,$400C_vol,0
443,$4000_duty,1
443,$4000_const,1
443,$4000_vol,0
443,$4004_duty,1
443,$4004_const,1
443,$4004_vol,0
443,$400C_const,1
443,$400C_vol,0
443,$4008_linear,0
443,$400A_period,1
443,$400B_length,0
443,$4008_linear,0
443,$400A_period,1
443,$400B_length,0
444,$4000_duty,1
444,$4000_const,1
444,$4000_vol,0
444,$4004_duty,1
444,$4004_const,1
444,$4004_vol,0
444,$400C_const,1
444,$400C_vol,0
445,$4000_duty,1
445,$4000_const,1
445,$4000_vol,0
445,$4004_duty,1
445,$4004_const,1
445,$4004_vol,0
445,$400C_const,1
445,$400C_vol,0
446,$4000_duty,1
446,$4000_const,1
446,$4000_vol,0
446,$4004_duty,1
446,$4004_const,1
446,$4004_vol,0
446,$400C_const,1
446,$400C_vol,0
447,$4000_duty,1
447,$4000_const,1
447,$4000_vol,0
447,$4004_duty,1
447,$4004_const,1
447,$4004_vol,0
447,$400C_const,1
447,$400C_vol,0
448,$4000_duty,1
448,$4000_const,1
448,$4000_vol,0
448,$4004_duty,1
448,$4004_const,1
448,$4004_vol,0
448,$400C_const,1
448,$400C_vol,0
449,$4000_duty,1
449,$4000_const,1
449,$4000_vol,0
449,$4004_duty,1
449,$4004_const,1
449,$4004_vol,0
449,$400C_const,1
449,$400C_vol,0
449,$4008_linear,127
449,$400A_period,509
449,$400B_length,248
450,$4000_duty,1
450,$4000_const,1
450,$4000_vol,0
450,$4004_duty,1
450,$4004_const,1
450,$4004_vol,0
450,$400C_const,1
450,$400C_vol,0
451,$4000_duty,1
451,$4000_const,1
451,$4000_vol,0
451,$4004_duty,1
451,$4004_const,1
451,$4004_vol,0
451,$400C_const,1
451,$400C_vol,0
452,$4000_duty,1
452,$4000_const,1
452,$4000_vol,0
452,$4004_duty,1
452,$4004_const,1
452,$4004_vol,0
452,$400C_const,1
452,$400C_vol,0
453,$4000_duty,1
453,$4000_const,1
453,$4000_vol,0
453,$4004_duty,1
453,$4004_const,1
453,$4004_vol,0
453,$400C_const,1
453,$400C_vol,0
454,$4000_duty,1
454,$4000_const,1
454,$4000_vol,0
454,$4004_duty,1
454,$4004_const,1
454,$4004_vol,0
454,$400C_const,1
454,$400C_vol,0
455,$4000_duty,1
455,$4000_const,1
455,$4000_vol,0
455,$4004_duty,1
455,$4004_const,1
455,$4004_vol,0
455,$400C_const,1
455,$400C_vol,0
455,$4008_linear,0
455,$400A_period,1
455,$400B_length,0
455,$4008_linear,0
455,$400A_period,1
455,$400B_length,0
456,$4000_duty,1
456,$4000_const,1
456,$4000_vol,0
456,$4004_duty,1
456,$4004_const,1
456,$4004_vol,0
456,$400C_const,1
456,$400C_vol,0
457,$4000_duty,1
457,$4000_const,1
457,$4000_vol,0
457,$4004_duty,1
457,$4004_const,1
457,$4004_vol,0
457,$400C_const,1
457,$400C_vol,0
458,$4000_duty,1
458,$4000_const,1
458,$4000_vol,0
458,$4004_duty,1
458,$4004_const,1
458,$4004_vol,0
458,$400C_const,1
458,$400C_vol,0
459,$4000_duty,1
459,$4000_const,1
459,$4000_vol,0
459,$4004_duty,1
459,$4004_const,1
459,$4004_vol,0
459,$400C_const,1
459,$400C_vol,0
460,$4000_duty,1
460,$4000_const,1
460,$4000_vol,0
460,$4004_duty,1
460,$4004_const,1
460,$4004_vol,0
460,$400C_const,1
460,$400C_vol,0
460,$4008_linear,127
460,$400A_period,509
460,$400B_length,248
461,$4000_duty,1
461,$4000_const,1
461,$4000_vol,0
461,$4004_duty,1
461,$4004_const,1
461,$4004_vol,0
461,$400C_const,1
461,$400C_vol,0
462,$4000_duty,1
462,$4000_const,1
462,$4000_vol,0
462,$4004_duty,1
462,$4004_const,1
462,$4004_vol,0
462,$400C_const,1
462,$400C_vol,0
463,$4000_duty,1
463,$4000_const,1
463,$4000_vol,0
463,$4004_duty,1
463,$4004_const,1
463,$4004_vol,0
463,$400C_const,1
463,$400C_vol,0
464,$4000_duty,1
464,$4000_const,1
464,$4000_vol,0
464,$4004_duty,1
464,$4004_const,1
464,$4004_vol,0
464,$400C_const,1
464,$400C_vol,0
465,$4000_duty,1
465,$4000_const,1
465,$4000_vol,0
465,$4004_duty,1
465,$4004_const,1
465,$4004_vol,0
465,$400C_const,1
465,$400C_vol,0
466,$4000_duty,1
466,$4000_const,1
466,$4000_vol,0
466,$4004_duty,1
466,$4004_const,1
466,$4004_vol,0
466,$400C_const,1
466,$400C_vol,0
466,$4008_linear,0
466,$400A_period,1
466,$400B_length,0
466,$4008_linear,0
466,$400A_period,1
466,$400B_length,0
467,$4000_duty,1
467,$4000_const,1
467,$4000_vol,0
467,$4004_duty,1
467,$4004_const,1
467,$4004_vol,0
467,$400C_const,1
467,$400C_vol,0
468,$4000_duty,1
468,$4000_const,1
468,$4000_vol,0
468,$4004_duty,1
468,$4004_const,1
468,$4004_vol,0
468,$400C_const,1
468,$400C_vol,0
469,$4000_duty,1
469,$4000_const,1
469,$4000_vol,0
469,$4004_duty,1
469,$4004_const,1
469,$4004_vol,0
469,$400C_const,1
469,$400C_vol,0
470,$4000_duty,1
470,$4000_const,1
470,$4000_vol,0
470,$4004_duty,1
470,$4004_const,1
470,$4004_vol,0
470,$400C_const,1
470,$400C_vol,0
471,$4000_duty,1
471,$4000_const,1
471,$4000_vol,0
471,$4004_duty,1
471,$4004_const,1
471,$4004_vol,0
471,$400C_const,1
471,$400C_vol,0
472,$4001_sweep,8
472,$4002_period,303
472,$400B_length,0
472,$4000_duty,1
472,$4000_const,1
472,$4000_vol,13
472,$4005_sweep,8
472,$4006_period,303
472,$4004_duty,1
472,$4004_const,1
472,$4004_vol,13
472,$400C_const,1
472,$400C_vol,0
472,$4008_linear,127
472,$400A_period,509
472,$400B_length,248
473,$4000_duty,1
473,$4000_const,1
473,$4000_vol,13
473,$4004_duty,1
473,$4004_const,1
473,$4004_vol,13
473,$400C_const,1
473,$400C_vol,0
474,$4000_duty,1
474,$4000_const,1
474,$4000_vol,12
474,$4004_duty,1
474,$4004_const,1
474,$4004_vol,12
474,$400C_const,1
474,$400C_vol,0
475,$4000_duty,1
475,$4000_const,1
475,$4000_vol,12
475,$4004_duty,1
475,$4004_const,1
475,$4004_vol,12
475,$400C_const,1
475,$400C_vol,0
476,$4000_duty,1
476,$4000_const,1
476,$4000_vol,13
476,$4004_duty,1
476,$4004_const,1
476,$4004_vol,13
476,$400C_const,1
476,$400C_vol,0
477,$4000_duty,1
477,$4000_const,1
477,$4000_vol,13
477,$4004_duty,1
477,$4004_const,1
477,$4004_vol,13
477,$400C_const,1
477,$400C_vol,0
478,$4000_duty,1
478,$4000_const,1
478,$4000_vol,12
478,$4004_duty,1
478,$4004_const,1
478,$4004_vol,12
478,$400C_const,1
478,$400C_vol,0
478,$4008_linear,0
478,$400A_period,1
478,$400B_length,0
478,$4008_linear,0
478,$400A_period,1
478,$400B_length,0
479,$4000_duty,1
479,$4000_const,1
479,$4000_vol,12
479,$4004_duty,1
479,$4004_const,1
479,$4004_vol,12
479,$400C_const,1
479,$400C_vol,0
480,$4000_duty,1
480,$4000_const,1
480,$4000_vol,11
480,$4004_duty,1
480,$4004_const,1
480,$4004_vol,11
480,$400C_const,1
480,$400C_vol,0
481,$4000_duty,1
481,$4000_const,1
481,$4000_vol,11
481,$4004_duty,1
481,$4004_const,1
481,$4004_vol,11
481,$400C_const,1
481,$400C_vol,0
482,$4000_duty,1
482,$4000_const,1
482,$4000_vol,12
482,$4004_duty,1
482,$4004_const,1
482,$4004_vol,12
482,$400C_const,1
482,$400C_vol,0
483,$4000_duty,1
483,$4000_const,1
483,$4000_vol,11
483,$4004_duty,1
483,$4004_const,1
483,$4004_vol,11
483,$400C_const,1
483,$400C_vol,0
484,$4001_sweep,8
484,$4002_period,321
484,$400B_length,0
484,$4000_duty,1
484,$4000_const,1
484,$4000_vol,13
484,$4005_sweep,8
484,$4006_period,321
484,$4004_duty,1
484,$4004_const,1
484,$4004_vol,13
484,$400C_const,1
484,$400C_vol,0
484,$4008_linear,127
484,$400A_period,509
484,$400B_length,248
485,$4000_duty,1
485,$4000_const,1
485,$4000_vol,13
485,$4004_duty,1
485,$4004_const,1
485,$4004_vol,13
485,$400C_const,1
485,$400C_vol,0
486,$4000_duty,1
486,$4000_const,1
486,$4000_vol,12
486,$4004_duty,1
486,$4004_const,1
486,$4004_vol,12
486,$400C_const,1
486,$400C_vol,0
487,$4000_duty,1
487,$4000_const,1
487,$4000_vol,12
487,$4004_duty,1
487,$4004_const,1
487,$4004_vol,12
487,$400C_const,1
487,$400C_vol,0
488,$4000_duty,1
488,$4000_const,1
488,$4000_vol,13
488,$4004_duty,1
488,$4004_const,1
488,$4004_vol,13
488,$400C_const,1
488,$400C_vol,0
489,$4000_duty,1
489,$4000_const,1
489,$4000_vol,13
489,$4004_duty,1
489,$4004_const,1
489,$4004_vol,13
489,$400C_const,1
489,$400C_vol,0
490,$4000_duty,1
490,$4000_const,1
490,$4000_vol,12
490,$4004_duty,1
490,$4004_const,1
490,$4004_vol,12
490,$400C_const,1
490,$400C_vol,0
490,$4008_linear,0
490,$400A_period,1
490,$400B_length,0
490,$4008_linear,0
490,$400A_period,1
490,$400B_length,0
491,$4000_duty,1
491,$4000_const,1
491,$4000_vol,12
491,$4004_duty,1
491,$4004_const,1
491,$4004_vol,12
491,$400C_const,1
491,$400C_vol,0
492,$4000_duty,1
492,$4000_const,1
492,$4000_vol,11
492,$4004_duty,1
492,$4004_const,1
492,$4004_vol,11
492,$400C_const,1
492,$400C_vol,0
493,$4000_duty,1
493,$4000_const,1
493,$4000_vol,11
493,$4004_duty,1
493,$4004_const,1
493,$4004_vol,11
493,$400C_const,1
493,$400C_vol,0
494,$4000_duty,1
494,$4000_const,1
494,$4000_vol,12
494,$4004_duty,1
494,$4004_const,1
494,$4004_vol,12
494,$400C_const,1
494,$400C_vol,0
495,$4000_duty,1
495,$4000_const,1
495,$4000_vol,11
495,$4004_duty,1
495,$4004_const,1
495,$4004_vol,11
495,$400C_const,1
495,$400C_vol,0
496,$4000_duty,1
496,$4000_const,1
496,$4000_vol,4
496,$4004_duty,1
496,$4004_const,1
496,$4004_vol,4
496,$400C_const,1
496,$400C_vol,0
496,$4008_linear,127
496,$400A_period,509
496,$400B_length,248
497,$4000_duty,1
497,$4000_const,1
497,$4000_vol,0
497,$4004_duty,1
497,$4004_const,1
497,$4004_vol,0
497,$400C_const,1
497,$400C_vol,0
498,$4000_duty,1
498,$4000_const,1
498,$4000_vol,0
498,$4004_duty,1
498,$4004_const,1
498,$4004_vol,0
498,$400C_const,1
498,$400C_vol,0
499,$4000_duty,1
499,$4000_const,1
499,$4000_vol,0
499,$4004_duty,1
499,$4004_const,1
499,$4004_vol,0
499,$400C_const,1
499,$400C_vol,0
500,$4000_duty,1
500,$4000_const,1
500,$4000_vol,0
500,$4004_duty,1
500,$4004_const,1
500,$4004_vol,0
500,$400C_const,1
500,$400C_vol,0
501,$4000_duty,1
501,$4000_const,1
501,$4000_vol,0
501,$4004_duty,1
501,$4004_const,1
501,$4004_vol,0
501,$400C_const,1
501,$400C_vol,0
502,$4000_duty,1
502,$4000_const,1
502,$4000_vol,0
502,$4004_duty,1
502,$4004_const,1
502,$4004_vol,0
502,$400C_const,1
502,$400C_vol,0
502,$4008_linear,0
502,$400A_period,1
502,$400B_length,0
502,$4008_linear,0
502,$400A_period,1
502,$400B_length,0
503,$4000_duty,1
503,$4000_const,1
503,$4000_vol,0
503,$4004_duty,1
503,$4004_const,1
503,$4004_vol,0
503,$400C_const,1
503,$400C_vol,0
504,$4000_duty,1
504,$4000_const,1
504,$4000_vol,0
504,$4004_duty,1
504,$4004_const,1
504,$4004_vol,0
504,$400C_const,1
504,$400C_vol,0
505,$4000_duty,1
505,$4000_const,1
505,$4000_vol,0
505,$4004_duty,1
505,$4004_const,1
505,$4004_vol,0
505,$400C_const,1
505,$400C_vol,0
506,$4000_duty,1
506,$4000_const,1
506,$4000_vol,0
506,$4004_duty,1
506,$4004_const,1
506,$4004_vol,0
506,$400C_const,1
506,$400C_vol,0
507,$4000_duty,1
507,$4000_const,1
507,$4000_vol,0
507,$4004_duty,1
507,$4004_const,1
507,$4004_vol,0
507,$400C_const,1
507,$400C_vol,0
508,$4001_sweep,8
508,$4002_period,341
508,$400B_length,0
508,$4000_duty,1
508,$4000_const,1
508,$4000_vol,13
508,$4005_sweep,8
508,$4006_period,341
508,$4004_duty,1
508,$4004_const,1
508,$4004_vol,13
508,$400C_const,1
508,$400C_vol,0
508,$4008_linear,127
508,$400A_period,509
508,$400B_length,248
509,$4000_duty,1
509,$4000_const,1
509,$4000_vol,13
509,$4004_duty,1
509,$4004_const,1
509,$4004_vol,13
509,$400C_const,1
509,$400C_vol,0
510,$4000_duty,1
510,$4000_const,1
510,$4000_vol,12
510,$4004_duty,1
510,$4004_const,1
510,$4004_vol,12
510,$400C_const,1
510,$400C_vol,0
511,$4000_duty,1
511,$4000_const,1
511,$4000_vol,12
511,$4004_duty,1
511,$4004_const,1
511,$4004_vol,12
511,$400C_const,1
511,$400C_vol,0
512,$4000_duty,1
512,$4000_const,1
512,$4000_vol,13
512,$4004_duty,1
512,$4004_const,1
512,$4004_vol,13
512,$400C_const,1
512,$400C_vol,0
513,$4000_duty,1
513,$4000_const,1
513,$4000_vol,13
513,$4004_duty,1
513,$4004_const,1
513,$4004_vol,13
513,$400C_const,1
513,$400C_vol,0
514,$4000_duty,1
514,$4000_const,1
514,$4000_vol,12
514,$4004_duty,1
514,$4004_const,1
514,$4004_vol,12
514,$400C_const,1
514,$400C_vol,0
514,$4008_linear,0
514,$400A_period,1
514,$400B_length,0
514,$4008_linear,0
514,$400A_period,1
514,$400B_length,0
515,$4000_duty,1
515,$4000_const,1
515,$4000_vol,12
515,$4004_duty,1
515,$4004_const,1
515,$4004_vol,12
515,$400C_const,1
515,$400C_vol,0
516,$4000_duty,1
516,$4000_const,1
516,$4000_vol,11
516,$4004_duty,1
516,$4004_const,1
516,$4004_vol,11
516,$400C_const,1
516,$400C_vol,0
517,$4000_duty,1
517,$4000_const,1
517,$4000_vol,11
517,$4004_duty,1
517,$4004_const,1
517,$4004_vol,11
517,$400C_const,1
517,$400C_vol,0
518,$4000_duty,1
518,$4000_const,1
518,$4000_vol,12
518,$4004_duty,1
518,$4004_const,1
518,$4004_vol,12
518,$400C_const,1
518,$400C_vol,0
519,$4000_duty,1
519,$4000_const,1
519,$4000_vol,11
519,$4004_duty,1
519,$4004_const,1
519,$4004_vol,11
519,$400C_const,1
519,$400C_vol,0
520,$4001_sweep,8
520,$4002_period,361
520,$400B_length,0
520,$4000_duty,1
520,$4000_const,1
520,$4000_vol,13
520,$4005_sweep,8
520,$4006_period,361
520,$4004_duty,1
520,$4004_const,1
520,$4004_vol,13
520,$400C_const,1
520,$400C_vol,0
520,$4008_linear,127
520,$400A_period,509
520,$400B_length,248
521,$4000_duty,1
521,$4000_const,1
521,$4000_vol,13
521,$4004_duty,1
521,$4004_const,1
521,$4004_vol,13
521,$400C_const,1
521,$400C_vol,0
522,$4000_duty,1
522,$4000_const,1
522,$4000_vol,12
522,$4004_duty,1
522,$4004_const,1
522,$4004_vol,12
522,$400C_const,1
522,$400C_vol,0
523,$4000_duty,1
523,$4000_const,1
523,$4000_vol,12
523,$4004_duty,1
523,$4004_const,1
523,$4004_vol,12
523,$400C_const,1
523,$400C_vol,0
524,$4000_duty,1
524,$4000_const,1
524,$4000_vol,13
524,$4004_duty,1
524,$4004_const,1
524,$4004_vol,13
524,$400C_const,1
524,$400C_vol,0
525,$4000_duty,1
525,$4000_const,1
525,$4000_vol,13
525,$4004_duty,1
525,$4004_const,1
525,$4004_vol,13
525,$400C_const,1
525,$400C_vol,0
526,$4000_duty,1
526,$4000_const,1
526,$4000_vol,12
526,$4004_duty,1
526,$4004_const,1
526,$4004_vol,12
526,$400C_const,1
526,$400C_vol,0
526,$4008_linear,0
526,$400A_period,1
526,$400B_length,0
526,$4008_linear,0
526,$400A_period,1
526,$400B_length,0
527,$4000_duty,1
527,$4000_const,1
527,$4000_vol,12
527,$4004_duty,1
527,$4004_const,1
527,$4004_vol,12
527,$400C_const,1
527,$400C_vol,0
528,$4000_duty,1
528,$4000_const,1
528,$4000_vol,11
528,$4004_duty,1
528,$4004_const,1
528,$4004_vol,11
528,$400C_const,1
528,$400C_vol,0
529,$4000_duty,1
529,$4000_const,1
529,$4000_vol,11
529,$4004_duty,1
529,$4004_const,1
529,$4004_vol,11
529,$400C_const,1
529,$400C_vol,0
530,$4000_duty,1
530,$4000_const,1
530,$4000_vol,12
530,$4004_duty,1
530,$4004_const,1
530,$4004_vol,12
530,$400C_const,1
530,$400C_vol,0
531,$4000_duty,1
531,$4000_const,1
531,$4000_vol,11
531,$4004_duty,1
531,$4004_const,1
531,$4004_vol,11
531,$400C_const,1
531,$400C_vol,0
532,$4000_duty,1
532,$4000_const,1
532,$4000_vol,4
532,$4004_duty,1
532,$4004_const,1
532,$4004_vol,4
532,$400C_const,1
532,$400C_vol,0
532,$4008_linear,127
532,$400A_period,509
532,$400B_length,248
533,$4000_duty,1
533,$4000_const,1
533,$4000_vol,0
533,$4004_duty,1
533,$4004_const,1
533,$4004_vol,0
533,$400C_const,1
533,$400C_vol,0
534,$4000_duty,1
534,$4000_const,1
534,$4000_vol,0
534,$4004_duty,1
534,$4004_const,1
534,$4004_vol,0
534,$400C_const,1
534,$400C_vol,0
535,$4000_duty,1
535,$4000_const,1
535,$4000_vol,0
535,$4004_duty,1
535,$4004_const,1
535,$4004_vol,0
535,$400C_const,1
535,$400C_vol,0
536,$4000_duty,1
536,$4000_const,1
536,$4000_vol,0
536,$4004_duty,1
536,$4004_const,1
536,$4004_vol,0
536,$400C_const,1
536,$400C_vol,0
537,$4000_duty,1
537,$4000_const,1
537,$4000_vol,0
537,$4004_duty,1
537,$4004_const,1
537,$4004_vol,0
537,$400C_const,1
537,$400C_vol,0
538,$4000_duty,1
538,$4000_const,1
538,$4000_vol,0
538,$4004_duty,1
538,$4004_const,1
538,$4004_vol,0
538,$400C_const,1
538,$400C_vol,0
538,$4008_linear,0
538,$400A_period,1
538,$400B_length,0
538,$4008_linear,0
538,$400A_period,1
538,$400B_length,0
539,$4000_duty,1
539,$4000_const,1
539,$4000_vol,0
539,$4004_duty,1
539,$4004_const,1
539,$4004_vol,0
539,$400C_const,1
539,$400C_vol,0
540,$4000_duty,1
540,$4000_const,1
540,$4000_vol,0
540,$4004_duty,1
540,$4004_const,1
540,$4004_vol,0
540,$400C_const,1
540,$400C_vol,0
541,$4000_duty,1
541,$4000_const,1
541,$4000_vol,0
541,$4004_duty,1
541,$4004_const,1
541,$4004_vol,0
541,$400C_const,1
541,$400C_vol,0
542,$4000_duty,1
542,$4000_const,1
542,$4000_vol,0
542,$4004_duty,1
542,$4004_const,1
542,$4004_vol,0
542,$400C_const,1
542,$400C_vol,0
543,$4000_duty,1
543,$4000_const,1
543,$4000_vol,0
543,$4004_duty,1
543,$4004_const,1
543,$4004_vol,0
543,$400C_const,1
543,$400C_vol,0
544,$4001_sweep,8
544,$4002_period,381
544,$400B_length,0
544,$4000_duty,1
544,$4000_const,1
544,$4000_vol,13
544,$4005_sweep,8
544,$4006_period,381
544,$4004_duty,1
544,$4004_const,1
544,$4004_vol,13
544,$400C_const,1
544,$400C_vol,0
544,$4008_linear,127
544,$400A_period,509
544,$400B_length,248
545,$4000_duty,1
545,$4000_const,1
545,$4000_vol,13
545,$4004_duty,1
545,$4004_const,1
545,$4004_vol,13
545,$400C_const,1
545,$400C_vol,0
546,$4000_duty,1
546,$4000_const,1
546,$4000_vol,12
546,$4004_duty,1
546,$4004_const,1
546,$4004_vol,12
546,$400C_const,1
546,$400C_vol,0
547,$4000_duty,1
547,$4000_const,1
547,$4000_vol,12
547,$4004_duty,1
547,$4004_const,1
547,$4004_vol,12
547,$400C_const,1
547,$400C_vol,0
552,$4000_duty,1
552,$4000_const,1
552,$4000_vol,0
552,$4004_duty,1
552,$4004_const,1
552,$4004_vol,0
552,$400C_const,1
552,$400C_vol,0
552,$4008_linear,127
552,$400A_period,509
552,$400B_length,248
553,$4000_duty,1
553,$4000_const,1
553,$4000_vol,0
553,$4004_duty,1
553,$4004_const,1
553,$4004_vol,0
553,$400C_const,1
553,$400C_vol,0
554,$4000_duty,1
554,$4000_const,1
554,$4000_vol,0
554,$4004_duty,1
554,$4004_const,1
554,$4004_vol,0
554,$400C_const,1
554,$400C_vol,0
555,$4000_duty,1
555,$4000_const,1
555,$4000_vol,0
555,$4004_duty,1
555,$4004_const,1
555,$4004_vol,0
555,$400C_const,1
555,$400C_vol,0
556,$4000_duty,1
556,$4000_const,1
556,$4000_vol,0
556,$4004_duty,1
556,$4004_const,1
556,$4004_vol,0
556,$400C_const,1
556,$400C_vol,0
557,$4000_duty,1
557,$4000_const,1
557,$4000_vol,0
557,$4004_duty,1
557,$4004_const,1
557,$4004_vol,0
557,$400C_const,1
557,$400C_vol,0
558,$4000_duty,1
558,$4000_const,1
558,$4000_vol,0
558,$4004_duty,1
558,$4004_const,1
558,$4004_vol,0
558,$400C_const,1
558,$400C_vol,0
558,$4008_linear,0
558,$400A_period,1
558,$400B_length,0
558,$4008_linear,0
558,$400A_period,1
558,$400B_length,0
559,$4000_duty,1
559,$4000_const,1
559,$4000_vol,0
559,$4004_duty,1
559,$4004_const,1
559,$4004_vol,0
559,$400C_const,1
559,$400C_vol,0
560,$4000_duty,1
560,$4000_const,1
560,$4000_vol,0
560,$4004_duty,1
560,$4004_const,1
560,$4004_vol,0
560,$400C_const,1
560,$400C_vol,0
561,$4000_duty,1
561,$4000_const,1
561,$4000_vol,0
561,$4004_duty,1
561,$4004_const,1
561,$4004_vol,0
561,$400C_const,1
561,$400C_vol,0
562,$4000_duty,1
562,$4000_const,1
562,$4000_vol,0
562,$4004_duty,1
562,$4004_const,1
562,$4004_vol,0
562,$400C_const,1
562,$400C_vol,0
563,$4000_duty,1
563,$4000_const,1
563,$4000_vol,0
563,$4004_duty,1
563,$4004_const,1
563,$4004_vol,0
563,$400C_const,1
563,$400C_vol,0
564,$4000_duty,1
564,$4000_const,1
564,$4000_vol,0
564,$4004_duty,1
564,$4004_const,1
564,$4004_vol,0
564,$400C_const,1
564,$400C_vol,0
564,$4008_linear,127
564,$400A_period,509
564,$400B_length,248
565,$4000_duty,1
565,$4000_const,1
565,$4000_vol,0
565,$4004_duty,1
565,$4004_const,1
565,$4004_vol,0
565,$400C_const,1
565,$400C_vol,0
566,$4000_duty,1
566,$4000_const,1
566,$4000_vol,0
566,$4004_duty,1
566,$4004_const,1
566,$4004_vol,0
566,$400C_const,1
566,$400C_vol,0
567,$4000_duty,1
567,$4000_const,1
567,$4000_vol,0
567,$4004_duty,1
567,$4004_const,1
567,$4004_vol,0
567,$400C_const,1
567,$400C_vol,0
568,$4000_duty,1
568,$4000_const,1
568,$4000_vol,0
568,$4004_duty,1
568,$4004_const,1
568,$4004_vol,0
568,$400C_const,1
568,$400C_vol,0
569,$4000_duty,1
569,$4000_const,1
569,$4000_vol,0
569,$4004_duty,1
569,$4004_const,1
569,$4004_vol,0
569,$400C_const,1
569,$400C_vol,0
570,$4000_duty,1
570,$4000_const,1
570,$4000_vol,0
570,$4004_duty,1
570,$4004_const,1
570,$4004_vol,0
570,$400C_const,1
570,$400C_vol,0
570,$4008_linear,0
570,$400A_period,1
570,$400B_length,0
570,$4008_linear,0
570,$400A_period,1
570,$400B_length,0
571,$4000_duty,1
571,$4000_const,1
571,$4000_vol,0
571,$4004_duty,1
571,$4004_const,1
571,$4004_vol,0
571,$400C_const,1
571,$400C_vol,0
572,$4000_duty,1
572,$4000_const,1
572,$4000_vol,0
572,$4004_duty,1
572,$4004_const,1
572,$4004_vol,0
572,$400C_const,1
572,$400C_vol,0
573,$4000_duty,1
573,$4000_const,1
573,$4000_vol,0
573,$4004_duty,1
573,$4004_const,1
573,$4004_vol,0
573,$400C_const,1
573,$400C_vol,0
574,$4000_duty,1
574,$4000_const,1
574,$4000_vol,0
574,$4004_duty,1
574,$4004_const,1
574,$4004_vol,0
574,$400C_const,1
574,$400C_vol,0
575,$4000_duty,1
575,$4000_const,1
575,$4000_vol,0
575,$4004_duty,1
575,$4004_const,1
575,$4004_vol,0
575,$400C_const,1
575,$400C_vol,0
576,$4000_duty,1
576,$4000_const,1
576,$4000_vol,0
576,$4004_duty,1
576,$4004_const,1
576,$4004_vol,0
576,$400C_const,1
576,$400C_vol,0
576,$4008_linear,127
576,$400A_period,509
576,$400B_length,248
577,$4000_duty,1
577,$4000_const,1
577,$4000_vol,0
577,$4004_duty,1
577,$4004_const,1
577,$4004_vol,0
577,$400C_const,1
577,$400C_vol,0
578,$4000_duty,1
578,$4000_const,1
578,$4000_vol,0
578,$4004_duty,1
578,$4004_const,1
578,$4004_vol,0
578,$400C_const,1
578,$400C_vol,0
579,$4000_duty,1
579,$4000_const,1
579,$4000_vol,0
579,$4004_duty,1
579,$4004_const,1
579,$4004_vol,0
579,$400C_const,1
579,$400C_vol,0
580,$4000_duty,1
580,$4000_const,1
580,$4000_vol,0
580,$4004_duty,1
580,$4004_const,1
580,$4004_vol,0
580,$400C_const,1
580,$400C_vol,0
581,$4000_duty,1
581,$4000_const,1
581,$4000_vol,0
581,$4004_duty,1
581,$4004_const,1
581,$4004_vol,0
581,$400C_const,1
581,$400C_vol,0
582,$4000_duty,1
582,$4000_const,1
582,$4000_vol,0
582,$4004_duty,1
582,$4004_const,1
582,$4004_vol,0
582,$400C_const,1
582,$400C_vol,0
582,$4008_linear,0
582,$400A_period,1
582,$400B_length,0
582,$4008_linear,0
582,$400A_period,1
582,$400B_length,0
583,$4000_duty,1
583,$4000_const,1
583,$4000_vol,0
583,$4004_duty,1
583,$4004_const,1
583,$4004_vol,0
583,$400C_const,1
583,$400C_vol,0
584,$4000_duty,1
584,$4000_const,1
584,$4000_vol,0
584,$4004_duty,1
584,$4004_const,1
584,$4004_vol,0
584,$400C_const,1
584,$400C_vol,0
585,$4000_duty,1
585,$4000_const,1
585,$4000_vol,0
585,$4004_duty,1
585,$4004_const,1
585,$4004_vol,0
585,$400C_const,1
585,$400C_vol,0
586,$4000_duty,1
586,$4000_const,1
586,$4000_vol,0
586,$4004_duty,1
586,$4004_const,1
586,$4004_vol,0
586,$400C_const,1
586,$400C_vol,0
587,$4000_duty,1
587,$4000_const,1
587,$4000_vol,0
587,$4004_duty,1
587,$4004_const,1
587,$4004_vol,0
587,$400C_const,1
587,$400C_vol,0
588,$4000_duty,1
588,$4000_const,1
588,$4000_vol,0
588,$4004_duty,1
588,$4004_const,1
588,$4004_vol,0
588,$400C_const,1
588,$400C_vol,0
588,$4008_linear,127
588,$400A_period,509
588,$400B_length,248
589,$4000_duty,1
589,$4000_const,1
589,$4000_vol,0
589,$4004_duty,1
589,$4004_const,1
589,$4004_vol,0
589,$400C_const,1
589,$400C_vol,0
590,$4000_duty,1
590,$4000_const,1
590,$4000_vol,0
590,$4004_duty,1
590,$4004_const,1
590,$4004_vol,0
590,$400C_const,1
590,$400C_vol,0
591,$4000_duty,1
591,$4000_const,1
591,$4000_vol,0
591,$4004_duty,1
591,$4004_const,1
591,$4004_vol,0
591,$400C_const,1
591,$400C_vol,0
592,$4000_duty,1
592,$4000_const,1
592,$4000_vol,0
592,$4004_duty,1
592,$4004_const,1
592,$4004_vol,0
592,$400C_const,1
592,$400C_vol,0
593,$4000_duty,1
593,$4000_const,1
593,$4000_vol,0
593,$4004_duty,1
593,$4004_const,1
593,$4004_vol,0
593,$400C_const,1
593,$400C_vol,0
594,$4000_duty,1
594,$4000_const,1
594,$4000_vol,0
594,$4004_duty,1
594,$4004_const,1
594,$4004_vol,0
594,$400C_const,1
594,$400C_vol,0
594,$4008_linear,0
594,$400A_period,1
594,$400B_length,0
594,$4008_linear,0
594,$400A_period,1
594,$400B_length,0
595,$4000_duty,1
595,$4000_const,1
595,$4000_vol,0
595,$4004_duty,1
595,$4004_const,1
595,$4004_vol,0
595,$400C_const,1
595,$400C_vol,0
596,$4000_duty,1
596,$4000_const,1
596,$4000_vol,0
596,$4004_duty,1
596,$4004_const,1
596,$4004_vol,0
596,$400C_const,1
596,$400C_vol,0
597,$4000_duty,1
597,$4000_const,1
597,$4000_vol,0
597,$4004_duty,1
597,$4004_const,1
597,$4004_vol,0
597,$400C_const,1
597,$400C_vol,0
598,$4000_duty,1
598,$4000_const,1
598,$4000_vol,0
598,$4004_duty,1
598,$4004_const,1
598,$4004_vol,0
598,$400C_const,1
598,$400C_vol,0
599,$4000_duty,1
599,$4000_const,1
599,$4000_vol,0
599,$4004_duty,1
599,$4004_const,1
599,$4004_vol,0
599,$400C_const,1
599,$400C_vol,0
